"season","player","pos","age","team_id","g","gs","mp_per_g","fg_per_g","fga_per_g","fg_pct","fg3_per_g","fg3a_per_g","fg3_pct","fg2_per_g","fg2a_per_g","fg2_pct","efg_pct","ft_per_g","fta_per_g","ft_pct","orb_per_g","drb_per_g","trb_per_g","ast_per_g","stl_per_g","blk_per_g","tov_per_g","pf_per_g","pts_per_g","mp","per","ts_pct","fg3a_per_fga_pct","fta_per_fga_pct","orb_pct","drb_pct","trb_pct","ast_pct","stl_pct","blk_pct","tov_pct","usg_pct","ows","dws","ws","ws_per_48","obpm","dbpm","bpm","vorp","award_share","mov","mov_adj","win_loss_pct","X1","NA.","X2002.03","X2002.03..."
2003,"Tariq Abdul-Wahad","SG",28,"DAL",14,0,14.6,1.9,4.1,0.466,0,0.1,0,1.9,4.1,0.474,0.466,0.2,0.4,0.5,1,1.9,2.9,1.5,0.4,0.2,0.5,1.9,4.1,204,12.4,0.47,0.017,0.103,7.6,14,10.8,15.4,1.5,1.1,10.3,15,0.2,0.2,0.4,0.104,-1.6,0.2,-1.4,0,0,7.78,7.91,0.732,94,93,"$5,625,000.00","$9,823,426.00"
2003,"Shareef Abdur-Rahim","PF",26,"ATL",81,81,38.1,7,14.6,0.478,0.3,0.7,0.35,6.7,13.9,0.485,0.487,5.6,6.7,0.841,2.2,6.2,8.4,3,1.1,0.5,2.6,3,19.9,3087,19.9,0.566,0.051,0.457,6.7,17.8,12.5,14.7,1.5,0.9,13,24.2,7.4,2.3,9.7,0.151,2.3,-0.7,1.6,2.8,0,-3.56,-3.87,0.427,16,15,"$12,375,000.00","$21,611,537.00"
2003,"Courtney Alexander","PG",25,"NOH",66,7,20.6,2.9,7.7,0.382,0.3,0.9,0.333,2.6,6.8,0.388,0.401,1.8,2.2,0.808,0.6,1.2,1.8,1.2,0.5,0.1,1,1.9,7.9,1360,9.3,0.459,0.113,0.289,3.3,6.8,5,9.8,1.2,0.3,10.7,21.3,0.1,1,1.1,0.04,-3.3,-1.2,-4.5,-0.9,0,2.11,1.52,0.573,265,264,"$1,517,280.00","$2,649,757.00"
2003,"Malik Allen","PF",24,"MIA",80,73,29,4.2,9.9,0.424,0,0.1,0,4.2,9.8,0.426,0.424,1.2,1.5,0.802,1.7,3.6,5.3,0.7,0.5,1,1.6,2.9,9.6,2318,9.9,0.455,0.005,0.153,6.5,14.9,10.6,4.4,0.9,2.6,13.2,19.7,-1.7,2.6,0.9,0.018,-3.9,-0.4,-4.4,-1.4,0,-5.05,-5.13,0.305,404,396,"$512,435.00","$894,909.00"
2003,"Ray Allen","SG",27,"TOT",76,75,37.9,7.9,17.9,0.439,2.6,7,0.377,5.2,10.9,0.478,0.512,4.2,4.5,0.916,1.2,3.8,5,4.4,1.4,0.2,2.6,2.9,22.5,2880,21.3,0.565,0.391,0.253,3.8,11.8,7.8,21.6,1.9,0.4,11.6,27.8,7.6,1.5,9.1,0.152,4.7,-1,3.6,4.1,0,0,0,0.5,21,15,"$12,375,000.00","$21,611,537.00"
2003,"Rafer Alston","PG",26,"TOR",47,4,20.9,3,7.1,0.415,1.1,2.8,0.392,1.9,4.4,0.429,0.491,0.8,1.1,0.685,0.4,1.8,2.3,4.1,0.8,0.3,1.8,2.6,7.8,980,14.4,0.51,0.388,0.161,2.3,10.4,6.2,34,2.1,1.1,19.3,20.7,0.7,0.5,1.2,0.059,0.2,-1,-0.8,0.3,0,-5.87,-6.09,0.293,449,448,"$37,344.00","$65,217.00"
2003,"Chris Andersen","C",24,"DEN",59,3,15.4,1.9,4.8,0.4,0,0,0,1.9,4.8,0.401,0.4,1.3,2.4,0.55,1.8,2.8,4.6,0.5,0.5,1,1,1.5,5.2,907,14,0.44,0.004,0.491,13.3,22.3,17.6,6.3,1.7,5.3,14.8,19.9,-0.5,1.7,1.1,0.059,-2.4,0.4,-2,0,0,-8.28,-7.41,0.207,399,396,"$512,435.00","$894,909.00"
2003,"Derek Anderson","PG",28,"POR",76,76,33.6,4.7,10.9,0.427,1.5,4.4,0.35,3.1,6.6,0.477,0.496,3,3.5,0.859,0.7,2.8,3.5,4.3,1.2,0.2,1.7,1.9,13.9,2556,16.9,0.556,0.398,0.323,2.5,10,6.2,20.7,1.9,0.5,11.9,19.5,5.9,2.2,8.1,0.153,2.2,0.1,2.3,2.8,0,2.61,2.98,0.61,67,66,"$7,144,500.00","$12,477,061.00"
2003,"Kenny Anderson","PG",32,"TOT",61,2,18.6,2.7,6.3,0.427,0,0.1,0.143,2.7,6.1,0.432,0.428,0.7,0.9,0.789,0.5,1.7,2.2,3.2,1,0.1,1.2,1.7,6.1,1135,13.6,0.457,0.018,0.149,3.2,10.6,6.8,29.8,2.8,0.3,15.6,19.7,0.4,1.3,1.6,0.069,-1.9,0.9,-1,0.3,0,0,0,0.5,54,53,"$9,185,000.00","$16,040,563.00"
2003,"Shandon Anderson","SF",29,"NYK",82,9,21.1,3,6.5,0.462,0.6,1.7,0.371,2.4,4.8,0.494,0.51,1.7,2.3,0.732,0.8,2.3,3.1,1.1,0.9,0.2,1.4,2.2,8.4,1731,13.4,0.553,0.261,0.354,4.2,13.2,8.6,8.3,2.2,0.8,15.5,19.6,1.2,1.4,2.7,0.074,-0.6,0.2,-0.3,0.7,0,-1.35,-1.61,0.451,86,85,"$6,100,000.00","$10,652,959.00"
2003,"Gilbert Arenas","PG",21,"GSW",82,82,35,6.2,14.4,0.431,1.3,3.8,0.348,4.9,10.6,0.461,0.478,4.5,5.7,0.791,1.2,3.5,4.7,6.3,1.5,0.2,3.5,3.2,18.3,2866,18.6,0.54,0.265,0.397,3.6,10.6,7.2,30,2.2,0.4,17.3,24.9,5.8,0.7,6.5,0.109,2.6,-1.3,1.3,2.4,0,-1.13,-0.59,0.463,400,396,"$512,435.00","$894,909.00"
2003,"Brandon Armstrong","SG",22,"NJN",17,0,4.1,0.5,1.6,0.333,0.1,0.4,0.167,0.5,1.2,0.381,0.352,0.3,0.4,0.833,0,0.2,0.2,0.1,0.2,0.1,0.3,0.5,1.4,69,3.9,0.405,0.222,0.222,0,6.6,3.3,4.8,2.3,1.1,14.4,22.6,-0.2,0.1,-0.1,-0.05,-7.4,-0.7,-8.1,-0.1,0,5.22,4.42,0.598,331,330,"$930,720.00","$1,625,397.00"
2003,"Darrell Armstrong","PG",34,"ORL",82,23,28.7,3.2,7.8,0.409,1,2.8,0.336,2.3,5,0.45,0.47,2,2.3,0.878,1.1,2.5,3.6,3.9,1.6,0.2,2,2,9.4,2350,14.6,0.53,0.361,0.292,4.3,10.2,7.2,21.7,3,0.4,18.1,16.9,2.7,2.2,4.9,0.1,0.2,0.7,0.9,1.7,0,0.13,-0.39,0.512,150,149,"$4,010,000.00","$7,003,011.00"
2003,"Carlos Arroyo","PG",23,"UTA",44,0,6.5,1.1,2.5,0.459,0.1,0.2,0.429,1.1,2.3,0.461,0.472,0.4,0.5,0.818,0.3,0.3,0.6,1.2,0.3,0,0.7,0.6,2.8,287,14.1,0.51,0.064,0.202,4.8,6.1,5.5,33.1,2.2,0.3,20.2,23.8,0.1,0.2,0.3,0.057,-0.1,-1,-1,0.1,0,2.39,2.77,0.573,394,393,"$546,000.00","$953,527.00"
2003,"Chucky Atkins","PG",28,"DET",65,7,21.5,2.6,7.2,0.361,1.3,3.7,0.355,1.3,3.4,0.368,0.454,0.6,0.8,0.816,0.3,1.2,1.5,2.7,0.4,0.1,1.2,1.7,7.1,1398,10.1,0.475,0.52,0.105,1.8,6.5,4.1,22.4,1.1,0.2,13.7,19.4,0.3,1.2,1.5,0.053,-1.1,-1.1,-2.2,-0.1,0,3.68,2.98,0.61,164,163,"$3,600,000.00","$6,286,992.00"
2003,"Stacey Augmon","SG",34,"NOH",70,3,12.3,1.1,2.7,0.411,0,0.1,0,1.1,2.6,0.427,0.411,0.8,1,0.75,0.4,1.3,1.7,1,0.4,0.1,0.6,1.1,3,862,9.3,0.474,0.036,0.375,3.5,12.7,8,12.5,1.7,0.8,15.2,13.9,0.2,1,1.2,0.067,-3.2,0.8,-2.4,-0.1,0,2.11,1.52,0.573,222,220,"$2,400,000.00","$4,191,328.00"
2003,"Vin Baker","C",31,"BOS",52,9,18.1,1.9,4,0.478,0,0.1,0,1.9,3.9,0.488,0.478,1.4,2.1,0.673,1.7,2.1,3.8,0.6,0.4,0.6,1.2,2.8,5.2,942,10.6,0.531,0.019,0.517,10.5,13.3,11.9,5.3,1.2,2.5,19.4,15.5,0.5,1.1,1.6,0.082,-4.4,-0.4,-4.7,-0.6,0,-0.39,-0.75,0.537,18,15,"$12,375,000.00","$21,611,537.00"
2003,"Brent Barry","SG",31,"SEA",75,68,33.1,3.5,7.7,0.458,1.6,3.9,0.403,1.9,3.8,0.514,0.56,1.7,2.1,0.795,0.6,3.4,4,5.1,1.5,0.2,1.9,2.7,10.3,2480,15.8,0.597,0.508,0.279,2.2,12.2,7.1,25,2.5,0.5,18,14.9,4.8,2.5,7.3,0.141,1.1,1.5,2.6,2.9,0,-0.12,0.37,0.488,110,109,"$5,040,000.00","$8,801,789.00"
2003,"Jon Barry","SG",33,"DET",80,0,18.4,2.4,5.3,0.45,1.1,2.7,0.407,1.3,2.6,0.495,0.553,1.1,1.3,0.86,0.4,1.8,2.3,2.6,0.8,0.2,1,1.3,6.9,1473,17.9,0.593,0.505,0.236,2.6,12,7.2,25.5,2.4,0.7,14.8,17.9,3.4,2.2,5.6,0.183,2.6,1.6,4.3,2.3,0,3.68,2.98,0.61,179,178,"$3,175,000.00","$5,544,778.00"
2003,"Mengke Bateer","C",27,"SAS",12,0,3.8,0.3,1.4,0.235,0.1,0.3,0.333,0.3,1.2,0.214,0.265,0,0.2,0,0.2,0.7,0.8,0.3,0,0,0.5,1.2,0.8,46,-8.4,0.252,0.176,0.118,5.3,19.2,12.6,13.5,0,0,25.1,24.1,-0.3,0.1,-0.2,-0.248,-14.7,-2,-16.7,-0.2,0,5.41,5.65,0.732,396,395,"$512,453.00","$894,941.00"
2003,"Mike Batiste","PF",25,"MEM",75,2,16.6,2.6,6.2,0.422,0.2,1.1,0.222,2.4,5.1,0.464,0.441,0.9,1.2,0.784,1.1,2.3,3.4,0.7,0.6,0.2,0.9,1.6,6.4,1248,12.2,0.476,0.173,0.188,7.5,15.6,11.6,6.9,1.7,0.9,12,20.7,0,0.7,0.8,0.029,-2.1,-1.4,-3.5,-0.5,0,-3.23,-2.59,0.341,422,409,"$349,458.00","$610,288.00"
2003,"Tony Battie","C",26,"BOS",67,62,25.1,3,5.5,0.539,0,0.1,0.2,3,5.4,0.544,0.541,1.3,1.8,0.746,2.2,4.3,6.5,0.7,0.5,1.2,0.7,2.9,7.3,1683,15.2,0.578,0.014,0.32,9.7,19.7,14.6,5.2,1,3.8,10.2,12.9,3.3,2.5,5.8,0.164,-1,0.8,-0.3,0.7,0,-0.39,-0.75,0.537,151,150,"$4,000,000.00","$6,985,547.00"
2003,"Shane Battier","SF",24,"MEM",78,47,30.6,3.5,7.3,0.483,1.1,2.8,0.398,2.4,4.5,0.535,0.559,1.5,1.9,0.828,1.6,2.8,4.4,1.3,1.3,1.1,0.9,2.7,9.7,2383,15,0.597,0.38,0.255,6.1,10.1,8.1,6.8,2.2,2.5,9.7,13.2,4.8,1.5,6.2,0.126,1.4,0.8,2.3,2.5,0,-3.23,-2.59,0.341,225,224,"$2,368,200.00","$4,135,793.00"
2003,"Lonny Baxter","C",24,"CHI",55,0,12.4,1.7,3.7,0.466,0,0,0,1.7,3.7,0.471,0.466,1.3,1.9,0.68,1.2,1.8,3,0.3,0.2,0.4,0.8,2.5,4.8,682,11.3,0.521,0.01,0.5,10.7,16,13.4,3.8,0.7,2.3,15.5,19.3,0.4,0.5,0.9,0.063,-4,-1.4,-5.4,-0.6,0,-5.13,-5.3,0.366,412,409,"$349,458.00","$610,288.00"
2003,"Raja Bell","SG",26,"DAL",75,32,15.6,1.2,2.8,0.441,0.3,0.7,0.412,1,2.1,0.45,0.491,0.3,0.5,0.676,0.6,1.3,1.9,0.8,0.7,0.1,0.6,1.8,3.1,1173,7.9,0.509,0.242,0.161,4.4,9.2,6.8,6.8,2.3,0.5,16,10.4,0.5,1.2,1.7,0.069,-3.1,1.4,-1.8,0.1,0,7.78,7.91,0.732,379,378,"$612,435.00","$1,069,548.00"
2003,"Jonathan Bender","SF",22,"IND",46,2,17.8,2.4,5.5,0.441,0.4,1.2,0.358,2,4.4,0.463,0.478,1.3,1.8,0.714,0.9,2,2.9,0.9,0.2,1.2,0.9,1.9,6.6,819,13.3,0.521,0.209,0.331,5.9,12.2,9.1,8.6,0.5,5,12.6,18.4,0.7,1,1.7,0.099,-0.9,0.7,-0.3,0.4,0,3.49,2.79,0.585,177,176,"$3,226,745.00","$5,635,145.00"
2003,"Travis Best","PG",30,"MIA",72,52,25.1,3.2,8.1,0.396,0.5,1.5,0.33,2.7,6.6,0.411,0.427,1.5,1.7,0.854,0.4,1.7,2,3.5,0.6,0.1,1.5,2.4,8.4,1807,11.2,0.473,0.187,0.211,1.6,8,4.7,25.7,1.3,0.3,14.3,19.4,0.5,1.4,1.8,0.048,-2.1,-0.3,-2.4,-0.2,0,-5.05,-5.13,0.305,279,274,"$1,400,000.00","$2,444,941.00"
2003,"Mike Bibby","PG",24,"SAC",55,55,33.4,6,12.7,0.47,1,2.5,0.409,5,10.2,0.485,0.51,2.9,3.4,0.861,0.6,2.1,2.7,5.2,1.3,0.1,2.3,1.7,15.9,1835,17.6,0.559,0.196,0.267,2.1,6.3,4.3,24.3,2,0.3,14,21.9,3.5,2,5.6,0.146,1.8,-0.1,1.8,1.8,0,6.5,6.68,0.72,57,56,"$8,500,000.00","$14,844,288.00"
2003,"Chauncey Billups","PG",26,"DET",74,74,31.4,4.9,11.8,0.421,2,5.1,0.392,2.9,6.6,0.443,0.506,4.3,4.9,0.878,0.5,3.2,3.7,3.9,0.9,0.2,1.8,1.8,16.2,2327,20.4,0.582,0.437,0.416,1.9,12.2,7,23.7,1.5,0.5,11.5,24.1,7,2.9,9.9,0.204,4.3,0.3,4.6,3.8,0,3.68,2.98,0.61,129,127,"$4,546,000.00","$7,939,074.00"
2003,"Calvin Booth","C",26,"SEA",47,0,12.2,1.1,2.5,0.437,0,0,0,1.1,2.5,0.444,0.437,0.7,1,0.723,0.7,1.6,2.3,0.3,0.2,0.7,0.5,1.6,2.9,575,9.9,0.494,0.017,0.395,6.5,16,11.2,3.3,1,4.5,13.6,13.2,0.2,0.7,0.8,0.071,-4,0.6,-3.3,-0.2,0,-0.12,0.37,0.488,114,113,"$4,992,900.00","$8,719,535.00"
2003,"Carlos Boozer","PF",21,"CLE",81,54,25.3,4.1,7.6,0.536,0,0,0,4.1,7.6,0.536,0.536,1.8,2.4,0.771,2.5,5,7.5,1.3,0.7,0.6,1.3,2.8,10,2049,17.9,0.577,0.002,0.311,10.8,22.7,16.6,9.3,1.5,1.7,12.8,17.1,4.2,1.8,5.9,0.139,0.6,-0.6,0,1,0,-9.62,-9.58,0.207,414,409,"$349,458.00","$610,288.00"
2003,"Bruce Bowen","SF",31,"SAS",82,82,31.3,2.7,5.8,0.466,1.2,2.8,0.441,1.5,3,0.488,0.571,0.4,1.1,0.404,0.7,2.2,2.9,1.4,0.8,0.5,0.9,2.4,7.1,2566,9.1,0.563,0.478,0.186,2.8,7.8,5.4,6.8,1.4,1.1,12.2,10.7,2.4,2.7,5.1,0.096,-0.7,1,0.2,1.4,0,5.41,5.65,0.732,169,168,"$3,550,000.00","$6,199,673.00"
2003,"Ryan Bowen","SG",27,"DEN",62,31,16.1,1.6,3.2,0.492,0,0.1,0.286,1.5,3.1,0.5,0.497,0.4,0.7,0.659,1.3,1.3,2.5,0.9,1,0.5,0.7,1.3,3.6,996,12.7,0.519,0.036,0.208,8.7,9.7,9.2,9.3,3.4,2.3,16.7,11.5,0.6,1.6,2.1,0.102,-1.3,3.1,1.8,1,0,-8.28,-7.41,0.207,302,301,"$1,111,111.00","$1,940,429.00"
2003,"Earl Boykins","PG",26,"GSW",68,0,19.4,2.9,6.8,0.429,0.4,1.1,0.377,2.5,5.7,0.439,0.46,2.5,2.9,0.865,0.5,0.8,1.3,3.3,0.6,0.1,1.1,1.1,8.8,1321,17.6,0.543,0.166,0.431,2.9,4.2,3.5,26.8,1.5,0.2,11.7,20.1,3.9,-0.4,3.5,0.127,2.6,-2.1,0.6,0.9,0,-1.13,-0.59,0.463,290,289,"$1,243,605.00","$2,171,814.00"
2003,"Michael Bradley","PF",23,"TOR",67,11,19.6,2.3,4.7,0.481,0,0.1,0.167,2.2,4.6,0.487,0.482,0.5,1,0.522,2.4,3.7,6.1,1,0.2,0.5,1.1,1.9,5,1314,12.8,0.492,0.019,0.213,13.5,22.4,17.7,8.4,0.7,1.7,18.1,14.6,0.7,0.9,1.5,0.056,-1.7,-1.8,-3.4,-0.5,0,-5.87,-6.09,0.293,295,294,"$1,207,800.00","$2,109,286.00"
2003,"Shawn Bradley","C",30,"DAL",81,39,21.4,2.5,4.6,0.536,0,0,0,2.5,4.6,0.537,0.536,1.7,2.2,0.806,1.9,4,5.9,0.7,0.8,2.1,0.8,3,6.7,1731,18.3,0.601,0.003,0.467,9.6,20.7,15.1,4.6,1.9,7.3,12.9,13.6,3.9,3.5,7.4,0.204,-0.4,3,2.6,2,0,7.78,7.91,0.732,152,150,"$4,000,000.00","$6,985,547.00"
2003,"Elton Brand","PF",23,"LAC",62,61,39.6,7.3,14.5,0.502,0,0,0,7.3,14.5,0.502,0.502,3.9,5.7,0.685,4.6,6.8,11.3,2.5,1.1,2.5,2.6,3.3,18.5,2454,21.7,0.543,0.001,0.396,13.1,19.3,16.2,12,1.5,4.6,13.2,22.4,4.9,2.7,7.6,0.149,2.5,0.5,3,3.1,0,-4.12,-3.44,0.329,123,122,"$4,895,656.00","$8,549,709.00"
2003,"Jamison Brewer","PG",22,"IND",10,0,8,0.9,1.7,0.529,0,0.2,0,0.9,1.5,0.6,0.529,0.4,0.9,0.444,0.5,0.4,0.9,1.8,0.2,0.1,0.6,1.1,2.2,80,13.4,0.525,0.118,0.529,7.2,5.5,6.3,36.4,1.3,0.9,22.3,15.2,0.1,0.1,0.2,0.106,-0.6,-0.3,-0.9,0,0,3.49,2.79,0.585,402,396,"$512,435.00","$894,909.00"
2003,"Devin Brown","SG",24,"TOT",10,2,9.3,1.2,3.5,0.343,0,0.1,0,1.2,3.4,0.353,0.343,0.6,0.8,0.75,0.8,1,1.8,0.7,0.4,0.1,0.9,1.4,3,93,6.9,0.389,0.029,0.229,10,12.8,11.2,13.5,2.3,0.9,18.9,23,-0.2,0.1,-0.1,-0.043,-6.6,0.1,-6.5,-0.1,0,0,0,0.5,451,449,"$34,946.00","$61,029.00"
2003,"Kedrick Brown","SF",21,"BOS",51,5,13.1,1.2,3.4,0.357,0.1,0.8,0.077,1.1,2.6,0.439,0.365,0.4,0.6,0.625,0.9,1.9,2.7,0.4,0.7,0.3,0.5,1.3,2.8,666,8.8,0.392,0.228,0.187,7.4,16.6,11.9,5.1,2.7,1.5,11.1,14.5,-0.5,1.1,0.5,0.037,-4.6,0.6,-4,-0.3,0,-0.39,-0.75,0.537,257,256,"$1,643,040.00","$2,869,383.00"
2003,"Kwame Brown","C",20,"WAS",80,20,22.2,2.8,6.3,0.446,0,0,0,2.8,6.2,0.449,0.446,1.8,2.7,0.668,1.6,3.7,5.3,0.7,0.6,1,1.4,2,7.4,1773,13.6,0.496,0.006,0.432,8.5,19.9,14.2,5.6,1.5,3.4,15.5,18.8,0.2,2.3,2.5,0.069,-2.1,-0.1,-2.2,-0.1,0,-1.01,-1.47,0.451,156,155,"$3,974,760.00","$6,941,468.00"
2003,"Rick Brunson","PG",30,"CHI",17,0,11.5,1.4,2.9,0.46,0.2,0.4,0.667,1.1,2.6,0.432,0.5,0.6,0.7,0.833,0.2,0.9,1.1,2.1,0.6,0.2,1,1.2,3.5,196,13.4,0.543,0.12,0.24,2.3,8.3,5.4,29,2.6,1.1,23.5,16.4,0.1,0.1,0.3,0.07,-1.4,0.4,-1,0.1,0,-5.13,-5.3,0.366,363,360,"$699,935.00","$1,222,357.00"
2003,"Kobe Bryant","SG",24,"LAL",82,82,41.5,10.6,23.5,0.451,1.5,4,0.383,9.1,19.5,0.465,0.483,7.3,8.7,0.843,1.3,5.6,6.9,5.9,2.2,0.8,3.5,2.7,30,3401,26.2,0.55,0.168,0.371,3.5,15.3,9.3,27.2,2.8,1.4,11.4,32.9,11,4,14.9,0.21,6.3,0.7,7.1,7.7,0.417,2.33,2.71,0.61,20,15,"$12,375,000.00","$21,611,537.00"
2003,"Greg Buckner","SG",26,"PHI",75,5,20.2,2.5,5.3,0.465,0.2,0.7,0.273,2.3,4.6,0.496,0.484,0.9,1.1,0.802,1,1.9,2.9,1.3,1,0.2,0.8,2.7,6,1514,11.6,0.519,0.138,0.204,5.5,11.4,8.4,10.1,2.5,0.8,12.5,14.7,1.5,1.7,3.1,0.1,-1.7,1,-0.8,0.5,0,2.3,1.76,0.585,223,220,"$2,400,000.00","$4,191,328.00"
2003,"Pat Burke","C",29,"ORL",62,8,12.6,1.8,4.8,0.382,0,0.1,0.143,1.8,4.7,0.388,0.383,0.6,0.9,0.69,0.9,1.4,2.4,0.4,0.3,0.4,0.8,1.6,4.3,783,8.3,0.415,0.024,0.196,8.1,13.4,10.7,4.9,1.3,2.3,12.8,21.1,-1,0.6,-0.3,-0.021,-4.9,-1.7,-6.6,-0.9,0,0.13,-0.39,0.512,432,409,"$349,458.00","$610,288.00"
2003,"Caron Butler","SF",22,"MIA",78,78,36.6,5.5,13.2,0.416,0.4,1.4,0.318,5.1,11.9,0.427,0.432,4,4.8,0.824,1.7,3.4,5.1,2.7,1.8,0.4,2.5,2.9,15.4,2858,15.1,0.502,0.104,0.363,5.3,10.9,8,14.1,2.6,0.9,13.8,22.9,1.6,3.6,5.1,0.086,-0.4,1,0.5,1.8,0,-5.05,-5.13,0.305,255,254,"$1,678,800.00","$2,931,834.00"
2003,"Rasual Butler","SG",23,"MIA",72,28,21,2.9,7.9,0.362,0.7,2.4,0.292,2.2,5.6,0.392,0.406,1.1,1.4,0.731,0.4,2.2,2.6,1.3,0.3,0.6,1.1,1.5,7.5,1514,9.5,0.437,0.299,0.182,2.1,12.3,7.1,11.4,0.8,2.2,11.1,21.6,-1.4,1.4,0.1,0.002,-1.9,-0.6,-2.5,-0.2,0,-5.05,-5.13,0.305,425,409,"$349,458.00","$610,288.00"
2003,"Marcus Camby","C",28,"DEN",29,9,21.2,3.2,7.8,0.41,0.1,0.2,0.4,3.1,7.7,0.41,0.414,1.1,1.7,0.66,2.6,4.6,7.2,1.6,0.7,1.4,0.9,2.4,7.6,616,17.5,0.444,0.022,0.22,13.5,26.4,19.7,14.4,1.7,5.2,9.8,19.9,0.3,1.2,1.5,0.119,-0.4,1,0.6,0.4,0,-8.28,-7.41,0.207,76,75,"$6,750,000.00","$11,788,111.00"
2003,"Elden Campbell","C",34,"TOT",56,1,15.5,2.1,5.3,0.397,0,0,0,2.1,5.3,0.398,0.397,1.9,2.4,0.801,0.8,2.4,3.2,0.9,0.6,0.7,0.9,2.3,6.1,869,14.1,0.483,0.003,0.461,6.2,18.2,12.1,9.9,2,3.3,12.4,21.3,0.6,1.4,2,0.109,-2.6,1.4,-1.1,0.2,0,0,0,0.5,61,59,"$8,050,000.00","$14,058,414.00"
2003,"Brian Cardinal","PF",25,"WAS",5,0,3,0.2,0.8,0.25,0,0.2,0,0.2,0.6,0.333,0.25,0.4,0.4,1,0.6,0.4,1,0.2,0,0,0.2,0,0.8,15,13.8,0.41,0.25,0.5,23.6,15.8,19.7,10.4,0,0,17,18.5,0,0,0,0.051,1.7,-4.5,-2.8,0,0,-1.01,-1.47,0.451,392,382,"$587,435.00","$1,025,888.00"
2003,"Anthony Carter","PG",27,"MIA",49,26,18.6,1.7,4.8,0.356,0,0.2,0,1.7,4.6,0.369,0.356,0.7,1,0.66,0.2,1.4,1.7,4.1,0.9,0.1,1.7,1.4,4.1,912,9.9,0.39,0.034,0.215,1.5,9.3,5.3,37.9,2.7,0.4,24.1,17.3,-1.3,1.1,-0.2,-0.012,-3.6,-0.3,-3.9,-0.4,0,-5.05,-5.13,0.305,162,161,"$3,656,250.00","$6,385,227.00"
2003,"Vince Carter","SG",26,"TOR",43,42,34.2,8.3,17.7,0.467,1,3,0.344,7.2,14.6,0.493,0.497,3,3.7,0.806,1.4,3,4.4,3.3,1.1,1,1.7,2.8,20.6,1471,21.9,0.532,0.172,0.211,4.4,10.4,7.3,20.4,1.7,2,8.2,28.1,3.4,0.8,4.2,0.136,4.7,-0.2,4.5,2.4,0,-5.87,-6.09,0.293,46,42,"$10,067,750.00","$17,582,186.00"
2003,"Sam Cassell","PG",33,"MIL",78,77,34.6,7,14.9,0.47,0.8,2.1,0.362,6.2,12.8,0.487,0.495,4.9,5.7,0.861,0.7,3.7,4.4,5.8,1.1,0.2,2.3,2.8,19.7,2700,22.3,0.565,0.14,0.385,2.5,12.4,7.4,29.6,1.7,0.4,11.5,26.5,8.8,0.8,9.6,0.171,3.9,-1.2,2.7,3.2,0,0.23,-0.24,0.512,124,123,"$4,850,000.00","$8,469,976.00"
2003,"Kelvin Cato","C",28,"HOU",73,5,17.1,1.8,3.5,0.52,0,0.1,0,1.8,3.5,0.528,0.52,0.9,1.7,0.532,1.8,4.1,5.9,0.3,0.5,1.2,0.8,2.4,4.5,1247,15.5,0.535,0.016,0.484,12.5,26.7,19.8,2.6,1.6,4.9,15.3,13.6,1.3,2.5,3.8,0.145,-1.7,1.5,-0.2,0.6,0,1.48,1.89,0.524,78,77,"$6,696,000.00","$11,693,806.00"
2003,"Calbert Cheaney","SG",31,"UTA",81,74,29,4,8,0.499,0.1,0.3,0.4,3.9,7.7,0.503,0.507,0.5,0.9,0.58,0.9,2.6,3.5,2,0.8,0.2,1.3,2.8,8.6,2351,9.8,0.514,0.038,0.106,3.9,10.5,7.3,11.7,1.5,0.4,13.7,15.5,1,1.7,2.8,0.056,-2.4,-0.3,-2.6,-0.4,0,2.39,2.77,0.573,325,321,"$1,000,000.00","$1,746,386.00"
2003,"Chris Childs","PG",35,"NJN",12,0,8.8,0.5,1.7,0.3,0.1,0.5,0.167,0.4,1.2,0.357,0.325,0.2,0.3,0.667,0.3,0.2,0.4,1.3,0.7,0.1,0.5,1.4,1.3,106,6.2,0.352,0.3,0.15,3.2,2.2,2.7,22.2,4,0.7,22,11.6,-0.1,0.2,0.1,0.038,-5.7,3.4,-2.3,0,0,5.22,4.42,0.598,250,249,"$1,750,000.00","$3,056,177.00"
2003,"Doug Christie","SG",32,"SAC",80,80,33.9,3.3,7,0.479,0.9,2.3,0.395,2.4,4.7,0.522,0.545,1.8,2.2,0.81,0.8,3.5,4.3,4.7,2.3,0.5,1.8,2.3,9.4,2710,15,0.59,0.332,0.312,2.5,10.6,6.8,19.3,3.3,0.9,18.5,12.7,4.2,4.7,8.9,0.157,0,3.2,3.2,3.6,0,6.5,6.68,0.72,83,82,"$6,250,000.00","$10,914,918.00"
2003,"Keon Clark","C",27,"SAC",80,11,22.3,2.8,5.6,0.501,0,0.1,0,2.8,5.6,0.506,0.501,1.1,1.6,0.656,1.7,3.9,5.6,1,0.5,1.9,1.2,2.8,6.7,1780,13.9,0.528,0.009,0.284,8.8,17.9,13.6,6.5,1.1,5.6,15.6,14.9,1.3,3.4,4.7,0.127,-2.3,2.1,-0.2,0.8,0,6.5,6.68,0.72,132,127,"$4,546,000.00","$7,939,074.00"
2003,"Speedy Claxton","PG",24,"SAS",30,0,15.7,2.2,4.8,0.462,0,0.4,0,2.2,4.5,0.5,0.462,1.3,1.9,0.684,0.7,1.1,1.9,2.5,0.7,0.2,1.2,1.4,5.8,471,15.9,0.509,0.076,0.393,5.7,8,6.9,26.9,2.5,1,17.1,20.2,0.6,0.6,1.2,0.125,0.1,1.1,1.2,0.4,0,5.41,5.65,0.732,305,304,"$1,076,400.00","$1,879,810.00"
2003,"Mateen Cleaves","PG",25,"SAC",12,0,4.6,0.5,1.9,0.261,0.1,0.1,1,0.4,1.8,0.227,0.283,0.3,0.3,0.75,0.1,0.6,0.7,0.8,0.2,0,1.2,0.5,1.3,55,-3.7,0.323,0.043,0.174,2.1,13,7.8,25.7,1.8,0,36.1,31.1,-0.4,0.1,-0.4,-0.325,-12.4,-3.8,-16.2,-0.2,0,6.5,6.68,0.72,270,269,"$1,441,440.00","$2,517,311.00"
2003,"Derrick Coleman","C",35,"PHI",64,35,27.2,3.5,7.8,0.448,0.3,1,0.328,3.1,6.7,0.466,0.47,2.1,2.7,0.784,2.4,4.7,7,1.4,0.8,1.1,1.5,2.7,9.4,1742,15.4,0.525,0.135,0.343,10,20.5,15.2,8,1.6,3.1,14.3,17.3,2.1,2.4,4.5,0.124,0.1,0.3,0.3,1,0,2.3,1.76,0.585,50,49,"$9,380,000.00","$16,381,108.00"
2003,"Bimbo Coles","PG",34,"TOT",35,11,19.7,1.6,4.8,0.333,0.2,0.9,0.219,1.4,3.9,0.36,0.354,1,1.2,0.833,0.3,1.4,1.7,2.1,0.5,0.1,0.8,1.7,4.4,691,6.7,0.413,0.19,0.25,1.7,8,4.8,16.6,1.3,0.4,13.1,13.8,-0.2,0.2,0,0,-4.7,-0.7,-5.4,-0.6,0,0,0,0.5,221,220,"$2,400,000.00","$4,191,328.00"
2003,"Jarron Collins","C",24,"UTA",22,7,19.1,1.7,3.9,0.442,0,0,0,1.7,3.9,0.447,0.442,2,2.8,0.71,1.5,1.3,2.7,0.6,0.2,0.3,0.9,3.2,5.5,421,8.2,0.53,0.012,0.721,9.6,7.8,8.6,5.2,0.6,1.1,14.4,14.5,0.5,0.2,0.7,0.078,-3.1,-0.9,-4,-0.2,0,2.39,2.77,0.573,298,297,"$1,150,000.00","$2,008,344.00"
2003,"Jason Collins","C",24,"NJN",81,66,23.5,1.7,4.2,0.414,0,0,0,1.7,4.1,0.419,0.414,2.2,2.9,0.763,1.7,2.9,4.5,1.1,0.6,0.5,1,3.1,5.7,1900,9.9,0.521,0.012,0.698,8.2,13.9,11.1,6.9,1.3,1.7,16.1,12.5,1.7,3,4.7,0.119,-3,0.9,-2,0,0,5.22,4.42,0.598,299,298,"$1,147,440.00","$2,003,874.00"
2003,"Chris Crawford","PF",27,"ATL",5,0,7.6,1.6,2.6,0.615,0.2,0.6,0.333,1.4,2,0.7,0.654,1.4,1.6,0.875,0.6,0.8,1.4,0.2,0.4,0.6,0.4,1.4,4.8,38,28.8,0.726,0.231,0.615,9.4,11.5,10.5,5.2,2.8,5.5,10.8,22.3,0.2,0,0.2,0.316,5,2.8,7.8,0.1,0,-3.56,-3.87,0.427,196,195,"$2,750,000.00","$4,802,563.00"
2003,"Jamal Crawford","PG",22,"CHI",80,31,24.9,4.2,10.1,0.413,1.1,3,0.355,3.1,7.1,0.438,0.467,1.3,1.6,0.806,0.3,2.1,2.3,4.2,1,0.3,1.7,1.6,10.7,1992,15.4,0.496,0.3,0.16,1.2,9,5.1,28.8,2,0.9,13.4,22.2,1.6,1.1,2.8,0.067,1.2,-0.8,0.4,1.2,0,-5.13,-5.3,0.366,235,234,"$2,026,680.00","$3,539,367.00"
2003,"Austin Croshere","PF",27,"IND",49,0,12.9,1.8,4.3,0.411,0.6,1.4,0.391,1.2,2.9,0.421,0.476,1.1,1.3,0.815,0.8,2.3,3.2,1.1,0.1,0.3,0.6,1,5.1,633,16.1,0.53,0.33,0.311,7.3,19.9,13.7,14.9,0.5,1.5,10.5,18.9,1.2,0.8,2,0.151,1.7,0,1.7,0.6,0,3.49,2.79,0.585,71,70,"$6,960,000.00","$12,154,852.00"
2003,"John Crotty","PG",33,"DEN",12,0,15,1.2,3.4,0.341,0.3,1.1,0.308,0.8,2.3,0.357,0.39,0.8,1.3,0.6,0.1,1.2,1.3,2.4,0.3,0,0.8,1.3,3.4,180,7.6,0.431,0.317,0.366,0.6,9.5,4.9,26.7,0.9,0,15.9,14,0,0.1,0.1,0.031,-4.7,-0.9,-5.6,-0.2,0,-8.28,-7.41,0.207,441,440,"$138,171.00","$241,299.00"
2003,"Michael Curry","SF",34,"DET",78,77,19.9,1.2,2.9,0.402,0.2,0.7,0.296,1,2.2,0.434,0.437,0.5,0.6,0.8,0.2,1.4,1.6,1.3,0.6,0.1,0.6,2.1,3,1555,5.7,0.474,0.236,0.197,1.2,8.6,4.8,10.8,1.6,0.2,14.7,9,0.2,1.7,2,0.06,-4.8,1.4,-3.3,-0.5,0,3.68,2.98,0.61,212,210,"$2,600,000.00","$4,540,605.00"
2003,"Erick Dampier","C",27,"GSW",82,82,24.1,3.2,6.4,0.496,0,0,0,3.2,6.3,0.498,0.496,1.9,2.7,0.698,3,3.6,6.6,0.7,0.3,1.9,1.4,3,8.2,1978,15.8,0.543,0.004,0.425,13.5,15.7,14.6,4.6,0.7,5.1,15.3,15.7,3.1,1,4.1,0.099,-0.4,-0.6,-1,0.5,0,-1.13,-0.59,0.463,74,73,"$6,858,500.00","$11,977,594.00"
2003,"Antonio Daniels","SG",27,"POR",67,2,13,1.3,2.8,0.452,0.3,0.9,0.305,1,1.9,0.52,0.5,1,1.1,0.855,0.2,0.9,1.1,1.3,0.5,0.1,0.5,0.6,3.7,872,13.3,0.572,0.317,0.409,1.5,8.4,5,14.9,2,0.8,12.7,13.3,1.6,0.8,2.3,0.128,0.1,0.9,1,0.7,0,2.61,2.98,0.61,172,171,"$3,375,000.00","$5,894,055.00"
2003,"Baron Davis","PG",23,"NOH",50,47,37.8,6.6,16,0.416,2,5.7,0.35,4.7,10.3,0.452,0.478,1.9,2.6,0.71,1.1,2.6,3.7,6.4,1.8,0.4,2.8,3,17.1,1889,16.9,0.5,0.355,0.164,3.4,8.1,5.7,30.5,2.6,0.8,14.1,24,2.2,2.2,4.5,0.113,2.5,0.7,3.2,2.5,0,2.11,1.52,0.573,157,156,"$3,942,922.00","$6,885,867.00"
2003,"Emanual Davis","SG",34,"ATL",24,1,14.2,1.3,3.7,0.364,0.3,1.2,0.241,1,2.5,0.424,0.403,0.7,0.9,0.773,0.2,1.6,1.8,1.5,0.5,0.1,1,1.2,3.7,340,8,0.45,0.33,0.25,1.7,12.3,7.2,17,1.9,0.4,20.4,16.5,-0.3,0.2,-0.1,-0.013,-3.7,-0.5,-4.3,-0.2,0,-3.56,-3.87,0.427,344,343,"$824,935.00","$1,440,655.00"
2003,"Hubert Davis","SG",32,"DET",43,1,7.6,0.7,1.8,0.392,0.3,0.8,0.333,0.4,1,0.442,0.468,0.1,0.1,0.833,0.1,0.7,0.8,0.7,0.1,0,0.3,0.5,1.8,328,8.8,0.484,0.456,0.076,2.1,11,6.5,15.1,0.8,0,11.9,13.6,0.2,0.3,0.5,0.071,-2.5,-0.3,-2.8,-0.1,0,3.68,2.98,0.61,203,202,"$2,687,500.00","$4,693,414.00"
2003,"Ricky Davis","SG",23,"CLE",79,76,39.6,7.6,18.6,0.41,0.9,2.6,0.363,6.7,16,0.417,0.435,4.4,5.9,0.748,1.2,3.7,4.9,5.5,1.6,0.5,3.5,2.3,20.6,3131,16.1,0.485,0.139,0.316,3.4,10.7,7,26.5,2,0.8,14.2,27.1,1.5,1.5,3,0.046,1,-1.4,-0.3,1.3,0,-9.62,-9.58,0.207,128,127,"$4,546,000.00","$7,939,074.00"
2003,"Tony Delk","PG",29,"BOS",67,39,28,3.5,8.4,0.416,1.8,4.5,0.395,1.7,3.8,0.441,0.523,1,1.3,0.782,0.6,2.9,3.5,2.2,1.1,0.1,1,1.9,9.8,1873,13.7,0.547,0.543,0.155,2.4,11.9,7,14,2,0.4,10.3,16.6,2.5,2.1,4.6,0.117,0.3,0.8,1.1,1.4,0,-0.39,-0.75,0.537,198,197,"$2,700,000.00","$4,715,244.00"
2003,"Dan Dickau","PG",24,"ATL",50,0,10.3,1.4,3.4,0.412,0.4,1.2,0.361,1,2.2,0.44,0.476,0.4,0.5,0.808,0.2,0.7,0.9,1.7,0.3,0,1.1,1.3,3.7,515,9.9,0.504,0.359,0.153,2.1,7.2,4.8,28.3,1.4,0.3,22.6,20.9,-0.1,0.1,0,0.001,-2.7,-2.4,-5.1,-0.4,0,-3.56,-3.87,0.427,355,354,"$776,880.00","$1,356,733.00"
2003,"Michael Dickerson","SG",27,"MEM",6,1,14.5,1.7,4,0.417,0.7,1.8,0.364,1,2.2,0.462,0.5,0.8,0.8,1,0.2,0.8,1,1.3,0.8,0.2,1,2.7,4.8,87,10,0.553,0.458,0.208,1.3,6.4,3.9,14.1,3,0.8,18.6,16.7,0.1,0,0.1,0.054,-3.5,1.1,-2.4,0,0,-3.23,-2.59,0.341,98,96,"$5,500,000.00","$9,605,127.00"
2003,"Vlade Divac","C",34,"SAC",80,80,29.8,3.8,8.2,0.466,0.1,0.3,0.24,3.7,7.9,0.475,0.47,2.2,3.1,0.713,2,5.2,7.2,3.4,1,1.3,1.9,3,9.9,2384,15.6,0.519,0.038,0.383,7.4,17.8,12.9,16.7,1.8,2.9,16.6,17,2.6,4.4,7,0.141,-0.2,2.4,2.1,2.5,0,6.5,6.68,0.72,35,34,"$11,248,076.00","$19,643,492.00"
2003,"Juan Dixon","PG",24,"WAS",42,3,15.4,2.5,6.5,0.384,0.6,2,0.298,1.9,4.5,0.422,0.43,0.9,1.1,0.804,0.3,1.4,1.7,1,0.6,0.1,1,1.3,6.4,647,11,0.464,0.31,0.17,2.4,10.8,6.6,11.3,2.2,0.3,12.6,24.3,-0.5,0.5,0.1,0.005,-2.6,-1.2,-3.8,-0.3,0,-1.01,-1.47,0.451,297,296,"$1,172,400.00","$2,047,463.00"
2003,"Keyon Dooling","SG",22,"LAC",55,1,17.6,2.3,6,0.389,0.9,2.5,0.36,1.4,3.5,0.411,0.465,0.8,1,0.772,0.2,1.1,1.3,1.6,0.4,0.1,1.1,1.7,6.4,969,9.6,0.494,0.422,0.173,1.1,7.3,4.2,15.7,1.3,0.4,14.5,19.3,0.2,0.2,0.3,0.016,-1.7,-1.3,-3,-0.2,0,-4.12,-3.44,0.329,248,247,"$1,769,760.00","$3,090,685.00"
2003,"Predrag Drobnjak","C",27,"SEA",82,69,24.2,4,9.6,0.412,0.4,1,0.353,3.6,8.6,0.419,0.431,1.1,1.4,0.791,1.4,2.5,3.9,1,0.6,0.5,0.8,2.2,9.4,1984,12.5,0.459,0.108,0.146,6.5,12.6,9.5,7.7,1.3,1.5,7.2,21.4,0.8,1.6,2.4,0.057,-1.5,-1,-2.5,-0.2,0,-0.12,0.37,0.488,395,394,"$526,413.00","$919,320.00"
2003,"Tim Duncan","PF",26,"SAS",81,81,39.3,8.8,17.2,0.513,0.1,0.3,0.273,8.7,16.9,0.517,0.515,5.6,7.8,0.71,3.2,9.7,12.9,3.9,0.7,2.9,3.1,2.9,23.3,3181,26.9,0.564,0.016,0.455,9.9,27.3,19,19.5,0.9,5.2,12.9,28,9.5,6.9,16.5,0.248,5,2.5,7.6,7.7,0.808,5.41,5.65,0.732,31,26,"$12,072,500.00","$21,083,255.00"
2003,"Mike Dunleavy","SF",22,"GSW",82,3,15.9,2,5.1,0.403,0.6,1.8,0.347,1.4,3.3,0.434,0.465,1,1.2,0.78,0.8,1.8,2.6,1.3,0.6,0.2,1,1.5,5.7,1305,12.5,0.505,0.36,0.24,5.4,11.9,8.7,12.6,2.1,1,15.7,17.8,1.1,0.4,1.5,0.055,-0.3,-0.5,-0.8,0.4,0,-1.13,-0.59,0.463,182,181,"$3,100,080.00","$5,413,939.00"
2003,"Howard Eisley","PG",30,"NYK",82,76,27.4,3.2,7.7,0.417,1.6,4.1,0.389,1.6,3.5,0.45,0.521,1.1,1.3,0.848,0.3,2,2.3,5.4,0.9,0.1,1.8,2.7,9.1,2243,14.1,0.552,0.537,0.167,1.2,8.7,4.9,31.4,1.7,0.3,18.1,17,3.5,1,4.5,0.097,1,-0.6,0.4,1.3,0,-1.35,-1.61,0.451,101,100,"$5,312,500.00","$9,277,680.00"
2003,"LaPhonso Ellis","PF",32,"MIA",55,3,14.3,1.8,4.8,0.382,0.5,1.9,0.252,1.3,2.8,0.471,0.433,0.9,1.2,0.758,0.8,2.1,2.9,0.3,0.3,0.3,0.6,1.6,5,784,11,0.476,0.408,0.252,6.3,17.1,11.6,3.5,1,1.5,9.6,19.3,0.2,0.9,1.1,0.065,-2.1,-0.6,-2.7,-0.1,0,-5.05,-5.13,0.305,183,182,"$3,100,000.00","$5,413,799.00"
2003,"Danny Ferry","SF",36,"SAS",64,1,9.4,0.7,1.9,0.355,0.3,0.9,0.35,0.4,1,0.359,0.44,0.2,0.2,0.769,0.3,0.9,1.2,0.3,0.1,0.1,0.4,0.9,1.9,601,5.1,0.459,0.484,0.105,4,10.1,7.2,5.3,0.6,1,17.2,12.1,-0.2,0.6,0.3,0.028,-3.1,-0.1,-3.2,-0.2,0,5.41,5.65,0.732,133,127,"$4,546,000.00","$7,939,074.00"
2003,"Michael Finley","SF",29,"DAL",69,69,38.3,7.3,17.3,0.425,1.7,4.7,0.37,5.6,12.6,0.445,0.475,2.9,3.3,0.861,1.6,4.3,5.8,3,1.1,0.3,1.7,1.5,19.3,2642,17.6,0.514,0.27,0.193,4.5,12.3,8.4,12.8,1.5,0.6,8.1,24.2,4.3,2.5,6.7,0.123,2.4,-0.8,1.7,2.4,0,7.78,7.91,0.732,34,33,"$11,953,125.00","$20,874,780.00"
2003,"Derek Fisher","PG",28,"LAL",82,82,34.5,4.1,9.5,0.437,1,2.6,0.401,3.1,6.9,0.451,0.492,1.2,1.5,0.8,0.5,2.4,2.9,3.6,1.1,0.2,1.1,2.4,10.5,2829,11.9,0.52,0.274,0.161,1.6,8,4.8,16.1,1.7,0.4,10.2,14.5,3.8,1.4,5.2,0.088,-1,-0.3,-1.3,0.5,0,2.33,2.71,0.61,187,184,"$3,000,000.00","$5,239,160.00"
2003,"Marcus Fizer","PF",24,"CHI",38,0,21.3,4.7,10.1,0.465,0,0.2,0.167,4.7,9.9,0.469,0.466,2.3,3.5,0.657,2.1,3.6,5.7,1.3,0.4,0.4,1.5,2.3,11.7,809,17.9,0.503,0.016,0.35,11.1,18.3,14.8,11.2,0.9,1.5,11.4,27.4,0.8,0.6,1.4,0.082,0.7,-1.6,-1,0.2,0,-5.13,-5.3,0.366,190,189,"$2,946,240.00","$5,145,274.00"
2003,"Joseph Forte","SG",21,"SEA",17,0,5.1,0.6,2.1,0.286,0,0.2,0,0.6,1.9,0.313,0.286,0.2,0.4,0.667,0.2,0.4,0.6,0.6,0.2,0,0.6,0.4,1.4,86,3.4,0.319,0.086,0.171,5.4,9.7,7.5,20.9,2.5,0,21,26,-0.4,0.1,-0.3,-0.176,-8.4,-1.1,-9.5,-0.2,0,-0.12,0.37,0.488,321,320,"$1,009,920.00","$1,763,711.00"
2003,"Danny Fortson","PF",26,"GSW",17,0,13.1,1.2,3.2,0.37,0,0.1,0,1.2,3.1,0.377,0.37,1.1,1.7,0.655,1.6,2.6,4.3,0.7,0.5,0,0.9,2.5,3.5,223,9.9,0.442,0.019,0.537,13.5,21.3,17.4,7.9,2.1,0,18.3,15.6,0,0.2,0.2,0.041,-3.3,-1.1,-4.4,-0.1,0,-1.13,-0.59,0.463,111,110,"$5,039,068.00","$8,800,162.00"
2003,"Greg Foster","C",34,"TOR",29,9,18.6,1.6,4.2,0.385,0,0.1,0.25,1.6,4.1,0.39,0.389,0.9,1.1,0.813,1,2.5,3.5,0.4,0,0.3,1,2.8,4.2,539,4.7,0.445,0.033,0.262,6.1,15.9,10.8,3.8,0.1,1.2,18.1,14.1,-0.4,0.1,-0.3,-0.025,-6.5,-2.2,-8.7,-0.9,0,-5.87,-6.09,0.293,409,408,"$401,951.00","$701,961.00"
2003,"Jeff Foster","C",26,"IND",77,2,10.4,0.8,2.3,0.36,0,0,0,0.8,2.3,0.364,0.36,0.4,0.8,0.54,1.5,2.1,3.6,0.7,0.4,0.3,0.4,1.3,2.1,802,12,0.394,0.011,0.354,16.9,22,19.5,9.8,1.8,1.9,14.2,13.5,0.2,1.4,1.6,0.098,-2,0.2,-1.8,0,0,3.49,2.79,0.585,261,260,"$1,571,335.00","$2,744,158.00"
2003,"Tremaine Fowlkes","SF",26,"LAC",37,10,15.5,1.5,3.5,0.438,0.1,0.2,0.222,1.5,3.2,0.454,0.445,1.4,1.6,0.847,1.1,1.7,2.8,0.6,0.7,0.1,0.5,1.7,4.4,573,12.4,0.533,0.07,0.461,8.2,12.2,10.2,6.5,2.3,0.2,11.5,13.7,0.9,0.4,1.2,0.102,-1.3,0.5,-0.8,0.2,0,-4.12,-3.44,0.329,403,396,"$512,435.00","$894,909.00"
2003,"Rick Fox","SF",33,"LAL",76,75,28.7,3.4,8.2,0.422,1.4,3.7,0.375,2.1,4.5,0.46,0.506,0.7,0.9,0.754,0.8,3.4,4.3,3.3,0.9,0.2,1.6,2.8,9,2181,11.9,0.523,0.451,0.111,3.3,13.5,8.3,17.7,1.6,0.5,15.7,15.7,2,1.6,3.6,0.079,-0.6,-0.3,-1,0.6,0,2.33,2.71,0.61,143,142,"$4,340,231.00","$7,579,722.00"
2003,"Adonal Foyle","C",27,"GSW",82,0,21.8,2.3,4.2,0.536,0,0,0,2.3,4.2,0.538,0.536,0.9,1.3,0.673,2.1,3.8,6,0.5,0.5,2.5,0.9,2.6,5.4,1787,15.3,0.563,0.003,0.301,10.6,18.5,14.6,3.1,1.1,7.6,15.7,11,2.3,1.7,4,0.106,-0.7,1.7,0.9,1.3,0,-1.13,-0.59,0.463,139,137,"$4,400,000.00","$7,684,102.00"
2003,"Steve Francis","PG",25,"HOU",81,81,41,7,16.2,0.435,1,3,0.354,6,13.2,0.453,0.468,5.9,7.3,0.8,2,4.2,6.2,6.2,1.7,0.5,3.7,3.1,21,3318,20.6,0.541,0.183,0.454,5.7,11.5,8.7,28,2.3,0.9,16,26.1,7.4,3.7,11.1,0.16,3.4,0.3,3.8,4.8,0,1.48,1.89,0.524,140,139,"$4,383,581.00","$7,655,428.00"
2003,"Dan Gadzuric","C",24,"MIL",49,30,15.5,1.4,3,0.483,0,0,0,1.4,2.9,0.486,0.483,0.6,1.1,0.518,1.3,2.7,4,0.2,0.4,1.1,0.6,2.6,3.4,760,11.2,0.498,0.007,0.386,10.1,20.3,15.2,1.8,1.5,5.1,13.7,12,0.4,0.7,1.2,0.075,-3.6,0.1,-3.5,-0.3,0,0.23,-0.24,0.512,427,409,"$349,458.00","$610,288.00"
2003,"Kevin Garnett","PF",26,"MIN",82,82,40.5,9.1,18.1,0.502,0.2,0.9,0.282,8.8,17.2,0.513,0.508,4.6,6.1,0.751,3,10.5,13.4,6,1.4,1.6,2.8,2.4,23,3321,26.4,0.553,0.048,0.339,8.6,28.5,18.8,25.8,1.8,2.8,11.9,26.4,9.8,5.8,15.6,0.225,6,2.4,8.4,8.7,0.732,2.07,2.46,0.622,2,1,"$25,200,000.00","$44,008,949.00"
2003,"Pat Garrity","PF",26,"ORL",81,53,31.9,3.9,9.2,0.419,2,5,0.396,1.9,4.2,0.448,0.528,1,1.2,0.83,0.9,2.9,3.8,1.5,0.8,0.2,1,3.1,10.7,2584,11.2,0.551,0.547,0.134,3.1,10.7,6.8,7.5,1.2,0.6,8.9,15,3.6,1.3,4.9,0.091,0,-1,-1,0.7,0,0.13,-0.39,0.512,226,225,"$2,350,000.00","$4,104,009.00"
2003,"Pau Gasol","PF",22,"MEM",82,82,36,6.9,13.6,0.51,0,0.1,0.1,6.9,13.5,0.514,0.51,5.1,6.9,0.736,2.3,6.4,8.8,2.8,0.4,1.8,2.6,2.7,19,2948,20.7,0.57,0.009,0.506,7.4,19.9,13.7,13.6,0.6,3.4,13.5,24.1,6.5,2,8.5,0.138,2.1,-0.3,1.8,2.8,0,-3.23,-2.59,0.341,178,177,"$3,193,680.00","$5,577,400.00"
2003,"Devean George","SF",25,"LAL",71,7,22.7,2.5,6.5,0.39,0.7,1.9,0.371,1.8,4.6,0.398,0.444,1.2,1.5,0.79,1.3,2.7,4,1.3,0.8,0.5,0.9,2.5,6.9,1613,11.4,0.485,0.286,0.228,6.3,13.7,10,8.6,1.8,1.7,11.4,15.7,1.2,1.4,2.7,0.079,-1.3,-0.3,-1.5,0.2,0,2.33,2.71,0.61,130,127,"$4,546,000.00","$7,939,074.00"
2003,"Kendall Gill","SG",34,"MIN",82,34,25.2,3.5,8.3,0.422,0.2,0.7,0.322,3.3,7.5,0.432,0.436,1.5,2,0.764,0.6,2.4,3,1.9,1,0.2,1.3,2.1,8.7,2068,10.6,0.477,0.087,0.238,2.9,10.5,6.8,11.4,2,0.5,12.6,18.8,0.1,1.8,1.9,0.043,-2.8,0,-2.8,-0.4,0,2.07,2.46,0.622,313,308,"$1,030,000.00","$1,798,778.00"
2003,"Dion Glover","SG",24,"ATL",76,42,24.9,3.6,8.5,0.427,0.7,2.1,0.354,2.9,6.4,0.451,0.471,1.7,2.1,0.784,0.8,2.9,3.7,1.9,0.9,0.2,1.4,1.9,9.7,1890,13.5,0.512,0.244,0.25,3.9,12.8,8.5,13.1,2,0.6,13.1,20.1,1.4,1.2,2.6,0.065,-0.8,-0.6,-1.5,0.2,0,-3.56,-3.87,0.427,260,259,"$1,584,312.00","$2,766,821.00"
2003,"Anthony Goldwire","PG",31,"TOT",15,0,5.7,0.6,1.7,0.36,0.2,0.6,0.333,0.4,1.1,0.375,0.42,0.3,0.5,0.571,0,0.4,0.4,0.3,0.2,0,0.4,0.4,1.7,85,5.4,0.445,0.36,0.28,0,8.1,4.1,7.5,1.9,0,17.6,18.7,-0.1,0.1,-0.1,-0.035,-5.1,-0.2,-5.3,-0.1,0,0,0,0.5,440,439,"$139,925.00","$244,363.00"
2003,"Drew Gooden","SF",21,"TOT",70,47,26.8,5.1,11.1,0.457,0.2,0.7,0.292,4.9,10.4,0.468,0.466,2.2,3,0.712,2.3,4.2,6.5,1.2,0.8,0.5,2.1,2.5,12.5,1873,15,0.503,0.062,0.273,9.8,17.7,13.7,7.8,1.5,1.3,14.7,24.5,0.4,1.3,1.7,0.043,-1.1,-1.9,-3,-0.4,0,0,0,0.5,195,194,"$2,794,920.00","$4,881,011.00"
2003,"Adrian Griffin","SG",28,"DAL",74,48,18.6,2,4.6,0.433,0.1,0.3,0.25,1.9,4.2,0.447,0.442,0.4,0.4,0.844,1.2,2.4,3.6,1.4,1,0.1,0.6,2.1,4.4,1373,11.5,0.463,0.071,0.095,7.1,14.1,10.6,11,2.9,0.3,11.8,13.2,0.9,1.9,2.9,0.1,-2.1,1.8,-0.3,0.6,0,7.78,7.91,0.732,371,369,"$637,435.00","$1,113,208.00"
2003,"Eddie Griffin","PF",20,"HOU",77,66,24.5,3.5,8.8,0.4,0.8,2.5,0.333,2.7,6.3,0.426,0.447,0.8,1.2,0.617,1.8,4.2,6,1.1,0.7,1.4,1,1.8,8.6,1890,15.4,0.462,0.283,0.139,8.6,19.2,14,8,1.5,4.2,9.6,19.4,1,2.9,3.9,0.1,0.3,0.6,0.9,1.4,0,1.48,1.89,0.524,230,229,"$2,161,920.00","$3,775,548.00"
2003,"Tom Gugliotta","PF",33,"PHO",27,11,16.6,2.2,4.9,0.455,0,0,0,2.2,4.9,0.458,0.455,0.3,0.3,1,0.9,2.8,3.7,1.1,0.5,0.2,1.1,1.3,4.8,447,10.9,0.474,0.008,0.068,6.3,19.1,12.6,11.1,1.6,0.8,18.6,16.8,-0.2,0.6,0.4,0.043,-2.2,0.8,-1.4,0.1,0,1.13,1.57,0.537,39,38,"$10,892,000.00","$19,021,645.00"
2003,"Marcus Haislip","PF",22,"MIL",39,8,11.3,1.7,3.9,0.431,0.1,0.3,0.25,1.6,3.6,0.447,0.441,0.7,1,0.684,0.5,0.8,1.4,0.2,0.2,0.5,0.5,1.4,4.1,441,9.6,0.474,0.078,0.248,5.5,8.5,7,3.3,0.8,3,11,20.1,-0.1,0.1,0,-0.003,-3.6,-2.3,-5.9,-0.4,0,0.23,-0.24,0.512,271,270,"$1,439,400.00","$2,513,749.00"
2003,"Darvin Ham","SG",29,"ATL",75,1,12.3,0.9,2.1,0.447,0,0,0,0.9,2.1,0.455,0.447,0.5,1.1,0.481,1,1.1,2,0.5,0.2,0.3,0.9,1.7,2.4,926,5.5,0.464,0.019,0.497,9.3,9.5,9.4,6.4,0.9,1.4,25.1,12.8,-0.7,0.3,-0.4,-0.021,-4.8,-1.1,-5.9,-0.9,0,-3.56,-3.87,0.427,361,360,"$699,935.00","$1,222,357.00"
2003,"Richard Hamilton","SG",24,"DET",82,82,32.2,7,15.7,0.443,0.4,1.5,0.269,6.6,14.2,0.461,0.456,5.4,6.4,0.833,1.1,2.8,3.9,2.5,0.8,0.2,2.4,3,19.7,2640,18.7,0.531,0.093,0.411,3.9,10.5,7.1,17,1.3,0.4,11.6,31.3,4.3,3,7.3,0.132,1.2,-0.8,0.4,1.6,0,3.68,2.98,0.61,204,203,"$2,681,783.00","$4,683,430.00"
2003,"Anfernee Hardaway","SG",31,"PHO",58,51,30.6,4.4,9.9,0.447,0.4,1.3,0.356,4,8.6,0.46,0.469,1.3,1.7,0.794,1.1,3.3,4.4,4.1,1.1,0.4,2.5,2.6,10.6,1777,13,0.499,0.127,0.169,4.2,12.3,8.2,21.5,1.9,1.1,19.1,19.2,0.4,1.9,2.3,0.062,-1,1,0,0.9,0,1.13,1.57,0.537,24,15,"$12,375,000.00","$21,611,537.00"
2003,"Tim Hardaway","PG",36,"IND",10,0,12.7,1.8,4.9,0.367,1.1,3.1,0.355,0.7,1.8,0.389,0.48,0.2,0.4,0.5,0.1,1.4,1.5,2.4,0.9,0,1.1,0.8,4.9,127,14.7,0.483,0.633,0.082,0.9,12.1,6.6,32.1,3.7,0,17.8,22,0,0.2,0.2,0.081,-0.1,1.1,1,0.1,0,3.49,2.79,0.585,322,321,"$1,000,000.00","$1,746,386.00"
2003,"Matt Harpring","SF",26,"UTA",78,69,32.8,6.7,13.1,0.511,0.8,2.1,0.413,5.8,11,0.529,0.543,3.4,4.2,0.792,2.4,4.2,6.6,1.7,0.9,0.2,2.1,2.8,17.6,2557,19.3,0.588,0.157,0.325,9.4,14.8,12.2,9.9,1.5,0.5,12.1,23.9,6.4,2.4,8.8,0.166,3,-1.1,1.9,2.6,0,2.39,2.77,0.573,154,150,"$4,000,000.00","$6,985,547.00"
2003,"Adam Harrington","SG",22,"TOT",19,0,5.8,0.6,1.9,0.297,0.3,0.7,0.357,0.3,1.2,0.261,0.365,0.2,0.2,0.75,0.1,0.4,0.4,0.6,0.1,0.1,0.1,0.4,1.6,111,7.4,0.387,0.378,0.108,1,7.5,4.1,18,0.9,0.7,4.9,16.5,0,0.1,0,0.017,-4.1,-1.2,-5.2,-0.1,0,0,0,0.5,439,438,"$140,636.00","$245,604.00"
2003,"Al Harrington","SF",22,"IND",82,37,30.1,4.7,10.9,0.434,0.2,0.6,0.283,4.6,10.4,0.442,0.441,2.6,3.3,0.77,1.9,4.3,6.2,1.5,0.9,0.4,2,3.4,12.2,2467,12.4,0.493,0.051,0.306,7.4,15.7,11.6,8.8,1.5,1,13.8,21.6,0.7,3.2,3.9,0.075,-2.3,-0.5,-2.8,-0.5,0,3.49,2.79,0.585,109,108,"$5,060,000.00","$8,836,717.00"
2003,"Junior Harrington","PG",22,"DEN",82,51,24.4,2.1,5.7,0.362,0.1,0.3,0.25,2,5.4,0.369,0.369,0.9,1.4,0.652,0.5,2.5,3,3.4,1,0.2,1.9,3,5.1,2003,6.4,0.405,0.06,0.24,2.4,12.6,7.3,23.2,2.1,0.6,23.3,15,-2.8,2.4,-0.4,-0.009,-6,0.9,-5.1,-1.6,0,-8.28,-7.41,0.207,416,409,"$349,458.00","$610,288.00"
2003,"Lucious Harris","SG",32,"NJN",77,25,25.6,3.9,9.4,0.413,0.6,1.8,0.346,3.3,7.6,0.429,0.446,2,2.5,0.804,0.8,2.2,3,2,0.7,0.1,0.9,1.2,10.3,1973,13.5,0.494,0.189,0.262,3.7,9.8,6.7,13.4,1.4,0.3,8.1,20,2.2,2.5,4.7,0.114,0,-0.1,-0.1,1,0,5.22,4.42,0.598,207,206,"$2,640,000.00","$4,610,461.00"
2003,"Donnell Harvey","SF",22,"DEN",77,27,20.9,3.2,7.2,0.446,0,0.1,0.143,3.2,7.1,0.45,0.447,1.5,2.3,0.67,1.6,3.7,5.3,1.3,0.6,0.4,1.6,2.6,7.9,1613,12.5,0.486,0.013,0.319,8.6,21.5,14.8,11.7,1.6,1.3,16.4,20.7,-0.3,2.3,2,0.059,-2.6,0.2,-2.4,-0.1,0,-8.28,-7.41,0.207,326,325,"$992,040.00","$1,732,485.00"
2003,"Trenton Hassell","SG",23,"CHI",82,53,24.4,1.8,4.8,0.367,0.2,0.5,0.325,1.6,4.3,0.372,0.384,0.5,0.7,0.745,0.5,2.7,3.1,1.8,0.5,0.7,1,2.4,4.2,1999,6,0.411,0.102,0.14,2.1,11.9,7,11.1,1.2,2.2,16.6,11.1,-1.3,1.2,-0.1,-0.003,-3.9,0.5,-3.4,-0.7,0,-5.13,-5.3,0.366,398,396,"$512,435.00","$894,909.00"
2003,"Kirk Haston","SF",23,"NOH",12,0,4.8,0.2,1.4,0.118,0,0.3,0,0.2,1.2,0.143,0.118,0.2,0.3,0.5,0,0.6,0.6,0.3,0,0.4,0.6,0.8,0.5,57,-9.1,0.16,0.176,0.235,0,14.4,7.1,7.6,0,6.3,27.2,20.6,-0.4,0.1,-0.4,-0.307,-14.8,-1.1,-15.9,-0.2,0,2.11,1.52,0.573,289,288,"$1,271,400.00","$2,220,356.00"
2003,"Juaquin Hawkins","SG",29,"HOU",58,10,11.8,1,2.6,0.385,0.2,0.4,0.417,0.8,2.1,0.379,0.419,0.2,0.3,0.5,0.3,1.1,1.3,0.8,0.5,0.1,0.5,1,2.3,685,7.3,0.427,0.162,0.135,2.8,10.2,6.6,10.9,2.3,0.6,15.6,12.5,-0.3,0.7,0.4,0.027,-3.8,1.6,-2.3,-0.1,0,1.48,1.89,0.524,386,382,"$587,435.00","$1,025,888.00"
2003,"Alan Henderson","C",30,"ATL",82,3,18.2,1.9,4,0.468,0,0,0,1.9,4,0.471,0.468,1.1,1.7,0.638,1.9,3,4.9,0.5,0.4,0.4,0.7,2,4.8,1494,12.1,0.508,0.006,0.422,12.4,17.8,15.2,4.5,1.2,1.5,13.6,13.8,1.5,1.1,2.6,0.083,-1.7,-1.2,-2.9,-0.3,0,-3.56,-3.87,0.427,68,67,"$7,091,250.00","$12,384,065.00"
2003,"NenÃª","C",20,"DEN",80,53,28.2,4,7.7,0.519,0,0,0,4,7.7,0.521,0.519,2.5,4.3,0.578,2.6,3.5,6.1,1.9,1.6,0.8,2.3,3.7,10.5,2258,15.4,0.545,0.005,0.551,10.2,15.3,12.7,12.2,3,2.3,19.1,18.7,1.3,3.8,5,0.107,-1.1,1.9,0.8,1.6,0,-8.28,-7.41,0.207,240,239,"$1,945,520.00","$3,397,630.00"
2003,"Grant Hill","SF",30,"ORL",29,29,29.1,5.2,10.6,0.492,0,0.1,0.25,5.2,10.4,0.495,0.493,4.1,5,0.819,1.4,5.7,7.1,4.2,1,0.4,2.9,1.6,14.5,843,20.8,0.568,0.013,0.469,5.3,23.2,14,25.6,1.7,1.1,18.5,24.1,1.6,1,2.5,0.144,2.9,0.5,3.4,1.1,0,0.13,-0.39,0.512,28,26,"$12,072,500.00","$21,083,255.00"
2003,"Fred Hoiberg","SG",30,"CHI",63,0,12.4,0.8,2,0.389,0.1,0.3,0.238,0.7,1.7,0.419,0.409,0.7,0.8,0.82,0.2,2,2.2,1.1,0.6,0.1,0.4,0.9,2.3,784,10.2,0.486,0.167,0.397,1.6,17.5,9.7,13,2.6,0.5,14.5,9.8,0.4,0.9,1.3,0.077,-2.7,2.3,-0.4,0.3,0,-5.13,-5.3,0.366,276,274,"$1,400,000.00","$2,444,941.00"
2003,"Robert Horry","PF",32,"LAL",80,26,29.3,2.3,6,0.387,0.6,2.2,0.288,1.7,3.7,0.445,0.44,1.3,1.7,0.769,2.3,4.2,6.4,2.9,1.2,0.8,1.4,3.1,6.5,2343,12.4,0.488,0.372,0.282,8.6,16.1,12.3,14.3,2.1,1.9,17.3,12.2,2.3,2.5,4.8,0.098,-0.4,1.1,0.6,1.6,0,2.33,2.71,0.61,102,101,"$5,300,000.00","$9,255,850.00"
2003,"Eddie House","SG",24,"MIA",55,7,18.6,3.1,8.1,0.387,0.7,2.2,0.3,2.5,5.9,0.42,0.428,0.6,0.7,0.861,0.3,1.5,1.8,1.6,0.8,0,0.8,1.3,7.5,1025,12.1,0.447,0.27,0.081,1.9,9.7,5.7,16.6,2.3,0.1,9.1,23.2,-0.4,1.1,0.7,0.032,-1.6,0.3,-1.3,0.2,0,-5.05,-5.13,0.305,372,369,"$637,435.00","$1,113,208.00"
2003,"Allan Houston","SG",31,"NYK",82,82,37.9,8,17.9,0.445,2.2,5.5,0.396,5.8,12.4,0.467,0.506,4.4,4.8,0.919,0.3,2.5,2.8,2.7,0.7,0.1,2.2,2.3,22.5,3108,17.7,0.563,0.307,0.27,1,7.9,4.4,13.2,0.9,0.2,9.8,27,6.6,0.6,7.2,0.111,2.9,-1.8,1,2.4,0,-1.35,-1.61,0.451,10,9,"$14,343,750.00","$25,049,736.00"
2003,"Juwan Howard","PF",29,"DEN",77,77,35.5,7.4,16.4,0.45,0,0.1,0.5,7.3,16.3,0.449,0.45,3.7,4.6,0.803,2.4,5.2,7.6,3,1,0.4,2.5,3.1,18.4,2730,17.2,0.501,0.003,0.278,7.4,18.1,12.5,18.1,1.5,0.8,11.8,26.1,2.7,3.4,6,0.106,1.2,-0.1,1.1,2.1,0,-8.28,-7.41,0.207,5,4,"$20,625,000.00","$36,019,229.00"
2003,"Troy Hudson","PG",26,"MIN",79,74,32.9,5.2,12.1,0.428,1.2,3.4,0.365,3.9,8.7,0.452,0.479,2.6,2.9,0.9,0.5,1.8,2.3,5.7,0.8,0.1,2.3,2,14.2,2600,15.2,0.531,0.278,0.242,1.9,6,4,27,1.2,0.2,14.7,21.6,4,1.1,5.1,0.094,1.4,-1.7,-0.3,1.1,0,2.07,2.46,0.622,238,235,"$2,000,000.00","$3,492,773.00"
2003,"Larry Hughes","PG",24,"WAS",67,56,31.9,5.2,11.1,0.467,0.4,1.2,0.367,4.7,9.9,0.479,0.487,2,2.8,0.731,1,3.6,4.6,3.1,1.3,0.4,2,2.2,12.8,2137,15.5,0.521,0.107,0.251,3.7,13.4,8.5,17.5,2.2,0.8,14.2,21.2,1.6,2.1,3.7,0.082,0,0.2,0.2,1.2,0,-1.01,-1.47,0.451,134,127,"$4,546,000.00","$7,939,074.00"
2003,"Lindsey Hunter","PG",32,"TOR",29,0,23.2,3.7,10.4,0.351,1.2,3.7,0.318,2.5,6.7,0.369,0.407,1.2,1.6,0.723,0.5,1.5,2,2.4,1.2,0.2,2,1.7,9.7,673,10.6,0.434,0.354,0.156,2.4,7.8,5,18.8,2.8,0.5,15,25.8,-0.9,0.4,-0.6,-0.041,-2,-1.1,-3.2,-0.2,0,-5.87,-6.09,0.293,158,157,"$3,870,912.00","$6,760,109.00"
2003,"Zydrunas Ilgauskas","C",27,"CLE",81,81,30,6.1,13.9,0.441,0,0.1,0,6.1,13.8,0.443,0.441,4.9,6.3,0.781,3,4.6,7.5,1.6,0.7,1.9,2.6,3.4,17.2,2432,19.4,0.516,0.004,0.456,10.8,17.4,14.1,10.1,1.2,4.4,13.5,27.8,2.9,2.1,5,0.099,0.5,-0.8,-0.3,1,0,-9.62,-9.58,0.207,19,15,"$12,375,000.00","$21,611,537.00"
2003,"Allen Iverson","SG",27,"PHI",82,82,42.5,9.8,23.7,0.414,1,3.7,0.277,8.8,20,0.44,0.436,7,9,0.774,0.8,3.4,4.2,5.5,2.7,0.2,3.5,1.8,27.6,3485,21.2,0.5,0.156,0.379,2.3,9.5,5.8,25.1,3.4,0.3,11.2,32.9,5,4.2,9.2,0.127,3.2,0.2,3.5,4.8,0.07,2.3,1.76,0.585,23,15,"$12,375,000.00","$21,611,537.00"
2003,"Bobby Jackson","PG",29,"SAC",59,26,28.4,5.8,12.4,0.464,1.5,4,0.379,4.3,8.4,0.505,0.525,2.1,2.5,0.846,1,2.7,3.7,3.1,1.2,0.1,1.8,2.1,15.2,1676,18.4,0.561,0.321,0.204,3.8,9.8,7,17.7,2.1,0.1,11.7,23.8,3.3,2.2,5.5,0.157,2.4,0.5,2.9,2.1,0,6.5,6.68,0.72,202,197,"$2,700,000.00","$4,715,244.00"
2003,"Jermaine Jackson","SG",26,"TOT",53,1,10.5,0.8,2.1,0.364,0,0.2,0.1,0.7,1.9,0.39,0.368,0.8,1,0.727,0.4,0.7,1.1,1.4,0.4,0.1,0.6,1,2.3,559,9,0.451,0.091,0.5,3.9,7.7,5.8,20.5,1.8,0.8,20.2,13.8,0,0.2,0.2,0.016,-3.4,-0.5,-3.9,-0.3,0,0,0,0.5,437,436,"$171,932.00","$300,259.00"
2003,"Jim Jackson","SF",32,"SAC",63,0,20.8,3.2,7.3,0.442,0.5,1.1,0.451,2.7,6.2,0.44,0.476,0.7,0.9,0.855,1.3,2.8,4.2,1.9,0.5,0.1,1.3,2.1,7.7,1309,12.4,0.501,0.154,0.119,7.2,13.8,10.7,13.6,1.2,0.2,14.1,19.1,0.8,1.7,2.5,0.09,-1.1,-0.4,-1.5,0.2,0,6.5,6.68,0.72,353,352,"$791,341.00","$1,381,987.00"
2003,"Marc Jackson","C",28,"MIN",77,0,13.5,2,4.5,0.438,0,0,1,2,4.5,0.437,0.44,1.5,1.9,0.765,1.1,1.8,2.9,0.5,0.3,0.4,0.8,1.8,5.5,1041,13.4,0.508,0.003,0.427,9.6,14.7,12.2,5.4,1.2,2.1,12.5,20.6,1,1,2,0.092,-2.3,-1,-3.3,-0.3,0,2.07,2.46,0.622,166,165,"$3,575,000.00","$6,243,333.00"
2003,"Mark Jackson","PG",37,"UTA",82,0,17.9,1.8,4.5,0.398,0.3,1.2,0.284,1.5,3.3,0.438,0.435,0.7,1,0.763,0.4,1.7,2.1,4.6,0.6,0,1.9,1.1,4.7,1467,12.2,0.473,0.257,0.217,2.9,11.3,7.3,40.5,1.8,0.2,27.3,17.4,-0.1,1.2,1.1,0.037,-0.5,-1.2,-1.7,0.1,0,2.39,2.77,0.573,135,134,"$4,530,000.00","$7,911,132.00"
2003,"Stephen Jackson","SG",24,"SAS",80,58,28.2,4.5,10.2,0.435,1.2,3.7,0.32,3.3,6.5,0.501,0.493,1.7,2.3,0.76,0.8,2.8,3.6,2.3,1.6,0.4,2.2,2.5,11.8,2254,14.5,0.526,0.363,0.224,3.6,10.8,7.4,14.1,3,0.9,16.4,22.1,1.2,3.6,4.8,0.102,-0.5,1.4,0.9,1.7,0,5.41,5.65,0.732,365,360,"$699,935.00","$1,222,357.00"
2003,"Casey Jacobsen","SF",21,"PHO",72,0,15.9,1.7,4.5,0.373,0.7,2.3,0.315,1,2.3,0.432,0.453,1,1.5,0.686,0.4,0.8,1.2,1,0.5,0.1,0.8,1.3,5.1,1147,9.2,0.493,0.505,0.321,2.8,5.4,4.1,9.8,1.6,0.4,12.8,16.7,0.5,0.7,1.2,0.051,-1.9,-0.3,-2.3,-0.1,0,1.13,1.57,0.537,330,329,"$941,040.00","$1,643,419.00"
2003,"Mike James","PG",27,"MIA",78,8,22.1,2.8,7.5,0.373,0.9,2.9,0.294,1.9,4.6,0.423,0.43,1.3,1.8,0.732,0.3,1.6,1.9,3.2,0.8,0.1,1.4,2.3,7.8,1722,11.8,0.469,0.39,0.243,1.7,8.5,5,25.9,2,0.2,14.3,20.6,0.2,1.6,1.8,0.051,-1.6,0.1,-1.6,0.2,0,-5.05,-5.13,0.305,405,396,"$512,435.00","$894,909.00"
2003,"Antawn Jamison","SF",26,"GSW",82,82,39.3,8.4,17.9,0.47,0.8,2.5,0.311,7.6,15.4,0.496,0.492,4.6,5.8,0.789,2.4,4.7,7,1.9,0.9,0.5,2.2,2.4,22.2,3226,19,0.542,0.142,0.323,6.5,12.5,9.5,8.6,1.2,0.9,9.5,24.5,8.2,0.3,8.5,0.126,2.8,-2.1,0.7,2.2,0,-1.13,-0.59,0.463,45,42,"$10,067,750.00","$17,582,186.00"
2003,"Chris Jefferies","SF",22,"TOR",51,10,13.1,1.5,3.8,0.387,0.4,1.1,0.333,1.1,2.7,0.407,0.433,0.6,0.8,0.674,0.3,0.8,1.2,0.4,0.4,0.3,0.9,1.1,3.9,666,6.8,0.463,0.278,0.222,2.6,7.7,5,5.4,1.5,1.7,17.4,17.7,-0.8,0.2,-0.5,-0.039,-4.2,-1.7,-5.8,-0.7,0,-5.87,-6.09,0.293,354,353,"$781,800.00","$1,365,325.00"
2003,"Richard Jefferson","SF",22,"NJN",80,80,36,5.7,11.4,0.501,0.1,0.3,0.25,5.6,11.1,0.507,0.504,4.1,5.5,0.743,1.9,4.6,6.4,2.5,1,0.6,2,2.7,15.5,2879,16.6,0.563,0.026,0.479,6,14.4,10.2,12.1,1.5,1.1,12.4,19.7,5.4,4.4,9.9,0.164,0.9,0.6,1.5,2.5,0,5.22,4.42,0.598,269,268,"$1,482,840.00","$2,589,612.00"
2003,"Jared Jeffries","SF",21,"WAS",20,1,14.6,1.5,3.2,0.476,0.2,0.3,0.5,1.4,2.9,0.474,0.5,0.8,1.5,0.552,1.3,1.6,2.9,0.8,0.4,0.3,1.1,1.4,4,292,11.1,0.521,0.095,0.46,10.5,13,11.7,9,1.5,1.3,21.7,15.6,0.1,0.2,0.3,0.049,-1.7,-0.6,-2.3,0,0,-1.01,-1.47,0.451,259,258,"$1,594,920.00","$2,785,347.00"
2003,"Anthony Johnson","PG",28,"NJN",66,2,12.8,1.6,3.5,0.446,0.2,0.5,0.371,1.4,3,0.459,0.474,0.8,1.1,0.689,0.2,1,1.2,1.3,0.6,0.1,0.6,1.4,4.1,842,11.3,0.512,0.152,0.32,1.8,8.8,5.3,16.7,2.3,0.4,13.5,16.3,0.6,1.3,1.8,0.105,-2.8,1.5,-1.3,0.1,0,5.22,4.42,0.598,362,360,"$699,935.00","$1,222,357.00"
2003,"Avery Johnson","PG",37,"DAL",48,0,9,1.3,3.1,0.42,0,0,0,1.3,3.1,0.426,0.42,0.6,0.8,0.769,0.2,0.4,0.6,1.3,0.3,0,0.6,0.5,3.3,430,12.2,0.467,0.013,0.26,2.6,5.4,4,22.8,1.8,0.2,14.8,20.7,0.1,0.3,0.4,0.044,-2.2,-1,-3.2,-0.1,0,7.78,7.91,0.732,115,114,"$4,991,800.00","$8,717,614.00"
2003,"Joe Johnson","SG",21,"PHO",82,34,27.5,3.9,9.7,0.397,0.9,2.5,0.366,2.9,7.2,0.408,0.444,1.2,1.5,0.774,0.7,2.5,3.2,2.6,0.8,0.2,1.3,1.7,9.8,2255,11.6,0.472,0.258,0.156,2.8,10.5,6.6,15.1,1.4,0.6,11.3,19.1,0.9,1.9,2.8,0.06,-1,-0.4,-1.4,0.4,0,1.13,1.57,0.537,252,251,"$1,729,560.00","$3,020,480.00"
2003,"Damon Jones","PG",26,"SAC",49,1,14.5,1.6,4.3,0.381,0.9,2.5,0.364,0.7,1.8,0.404,0.486,0.4,0.6,0.741,0.2,1.2,1.4,1.6,0.4,0.1,0.5,0.9,4.6,709,11.5,0.505,0.576,0.129,1.8,8.5,5.3,16,1.3,0.4,9.4,15.2,0.8,0.7,1.5,0.103,-0.2,0.1,-0.1,0.3,0,6.5,6.68,0.72,377,369,"$637,435.00","$1,113,208.00"
2003,"Eddie Jones","SG",31,"MIA",47,47,38.1,6.2,14.6,0.423,2.1,5.1,0.407,4.1,9.5,0.432,0.494,4,4.9,0.822,0.7,4.1,4.8,3.7,1.4,0.7,1.8,2.9,18.5,1789,18.9,0.551,0.35,0.334,2.2,12.7,7.3,18.8,2,1.4,9.7,23,3.9,2.1,6,0.162,3.4,1.5,5,3.1,0,-5.05,-5.13,0.305,36,35,"$11,212,500.00","$19,581,362.00"
2003,"Fred Jones","SG",23,"IND",19,1,6.1,0.5,1.3,0.375,0.1,0.4,0.286,0.4,0.9,0.412,0.417,0.2,0.2,0.75,0.2,0.3,0.5,0.3,0.3,0.1,0.3,0.7,1.2,115,5.5,0.446,0.292,0.167,4,4.8,4.4,6.7,2.7,0.6,18.9,12.5,-0.1,0.1,0,0.019,-4.8,1.1,-3.7,0,0,3.49,2.79,0.585,283,282,"$1,367,400.00","$2,388,009.00"
2003,"Jumaine Jones","SF",23,"CLE",80,12,27.6,3.9,8.9,0.434,1.4,3.9,0.354,2.5,5,0.497,0.512,0.7,1,0.687,1.3,3.7,5.1,1.4,0.8,0.3,1.3,2.2,9.8,2204,12.3,0.525,0.442,0.117,5.3,15.5,10.3,8.8,1.6,0.7,12.5,16.8,1.7,1.2,2.9,0.062,-0.4,-1.1,-1.5,0.3,0,-9.62,-9.58,0.207,273,272,"$1,419,026.00","$2,478,168.00"
2003,"Michael Jordan","SF",39,"WAS",82,67,37,8.3,18.6,0.445,0.2,0.7,0.291,8.1,18,0.45,0.45,3.2,4,0.821,0.9,5.2,6.1,3.8,1.5,0.5,2.1,2.1,20,3031,19.3,0.491,0.036,0.212,2.8,16.7,9.7,21.1,2.2,1,9.4,28.7,2.9,3.4,6.2,0.099,1.8,0,1.7,2.8,0,-1.01,-1.47,0.451,319,308,"$1,030,000.00","$1,798,778.00"
2003,"Shawn Kemp","C",33,"ORL",79,55,20.7,2.7,6.4,0.418,0,0,0,2.7,6.4,0.419,0.418,1.5,2,0.742,1.9,3.8,5.7,0.7,0.8,0.4,1.3,3,6.8,1633,11.7,0.468,0.002,0.307,10,21.9,15.8,5.5,2.1,1.5,15.1,18.5,0,2.1,2,0.059,-3.5,-0.7,-4.2,-0.9,0,0.13,-0.39,0.512,12,11,"$13,651,028.00","$23,839,975.00"
2003,"Steve Kerr","PG",37,"SAS",75,0,12.7,1.5,3.4,0.43,0.7,1.7,0.395,0.8,1.8,0.462,0.525,0.4,0.5,0.882,0.2,0.6,0.8,0.9,0.4,0,0.5,0.7,4,952,11.4,0.552,0.484,0.133,1.5,5.6,3.7,11.9,1.5,0.2,11.4,14.9,1.3,0.9,2.2,0.109,-0.1,0.2,0.1,0.5,0,5.41,5.65,0.732,209,208,"$2,625,000.00","$4,584,265.00"
2003,"Jason Kidd","PG",29,"NJN",80,80,37.4,6.4,15.6,0.414,1.6,4.6,0.341,4.9,10.9,0.445,0.465,4.2,5,0.841,1.4,4.9,6.3,8.9,2.2,0.3,3.7,1.6,18.7,2989,22.2,0.526,0.297,0.324,4.2,15.1,9.6,42.2,3.1,0.6,17.2,25.9,5.5,5.8,11.3,0.182,4.8,1.8,6.6,6.5,0.026,5.22,4.42,0.598,52,51,"$9,265,000.00","$16,180,274.00"
2003,"Andrei Kirilenko","SF",21,"UTA",80,11,27.7,3.9,8,0.491,0.5,1.4,0.325,3.5,6.6,0.527,0.519,3.7,4.6,0.8,1.8,3.4,5.3,1.7,1.5,2.2,1.7,2.3,12,2213,21.1,0.598,0.178,0.576,8.4,14.4,11.5,10.6,2.9,6.1,14.5,19.6,5.3,3.8,9.2,0.199,3,2.9,5.8,4.4,0,2.39,2.77,0.573,335,334,"$893,400.00","$1,560,222.00"
2003,"Kerry Kittles","SG",28,"NJN",65,57,30,5.1,10.9,0.467,1.2,3.4,0.356,3.9,7.6,0.516,0.522,1.6,2.1,0.785,0.8,3.1,3.9,2.6,1.6,0.5,0.8,1.7,13,1951,18.3,0.55,0.308,0.19,3.1,11.7,7.4,15.4,2.7,1.2,6.7,19.1,4.2,3.4,7.7,0.188,2.5,2.1,4.7,3.3,0,5.22,4.42,0.598,55,54,"$8,966,667.00","$15,659,269.00"
2003,"Brevin Knight","PG",27,"MEM",55,4,16.9,1.8,4.1,0.425,0,0.1,0.25,1.7,4,0.432,0.43,0.4,0.7,0.541,0.3,1.2,1.5,4.2,1.3,0,1.7,2.2,3.9,928,11.2,0.442,0.035,0.162,1.8,7.9,4.9,38,3.9,0.1,27.8,16.4,-0.5,0.7,0.2,0.008,-3.5,0.5,-3,-0.2,0,-3.23,-2.59,0.341,113,112,"$5,000,000.00","$8,731,934.00"
2003,"Travis Knight","C",28,"NYK",32,0,9,0.8,2,0.385,0,0,0,0.8,2,0.391,0.385,0.3,0.4,0.769,0.6,1.4,1.9,0.4,0.3,0.3,0.3,1.4,1.9,287,8.3,0.424,0.015,0.2,7.2,18.4,12.7,7.4,1.5,2.3,12.4,13,0,0.3,0.2,0.04,-3.7,0.6,-3.1,-0.1,0,-1.35,-1.61,0.451,153,150,"$4,000,000.00","$6,985,547.00"
2003,"Christian Laettner","PF",33,"WAS",76,66,29.1,3.4,6.8,0.494,0,0.2,0.125,3.3,6.6,0.506,0.496,1.6,1.9,0.833,1.5,5.1,6.6,3.1,1.1,0.5,1.1,2.7,8.3,2215,16.1,0.545,0.031,0.279,6.1,20.8,13.4,17.8,2,1.4,13.1,14.2,3.8,2.8,6.6,0.143,0.5,1.6,2,2.2,0,-1.01,-1.47,0.451,108,107,"$5,062,500.00","$8,841,083.00"
2003,"Raef LaFrentz","C",26,"DAL",69,43,23.3,3.9,7.4,0.518,0.7,1.7,0.405,3.2,5.8,0.55,0.563,0.9,1.3,0.682,1.8,3,4.8,0.8,0.5,1.3,0.7,3.8,9.3,1611,16.5,0.578,0.226,0.171,8.5,14,11.3,5.3,1.1,4.2,7.7,16.9,3.8,2,5.8,0.173,0,0.6,0.6,1.1,0,7.78,7.91,0.732,65,64,"$7,270,000.00","$12,696,232.00"
2003,"Sean Lampley","SF",23,"MIA",35,0,13.9,1.6,3.7,0.434,0,0.1,0,1.6,3.6,0.448,0.434,1.6,2.3,0.695,0.7,1.6,2.4,0.9,0.2,0.1,0.7,1.2,4.8,487,12.4,0.512,0.031,0.636,6,13.9,9.8,11.3,0.8,0.5,13.2,18.4,0.4,0.4,0.9,0.084,-1.5,-0.8,-2.3,0,0,-5.05,-5.13,0.305,426,409,"$349,458.00","$610,288.00"
2003,"Dan Langhi","SF",25,"PHO",60,0,9,1.4,3.4,0.401,0.2,0.5,0.29,1.2,2.9,0.421,0.423,0.2,0.3,0.6,0.3,1.1,1.5,0.4,0.3,0.1,0.3,1,3.1,541,9.4,0.434,0.153,0.099,3.9,14.3,9.1,6.4,1.5,0.8,7.1,18.8,-0.1,0.6,0.4,0.038,-3.2,-0.4,-3.6,-0.2,0,1.13,1.57,0.537,390,382,"$587,435.00","$1,025,888.00"
2003,"Voshon Lenard","SG",29,"TOR",63,24,30.6,5.2,12.8,0.402,1.5,4,0.365,3.7,8.8,0.418,0.459,2.5,3.1,0.804,0.8,2.6,3.4,2.3,0.9,0.3,1.6,2.5,14.3,1929,14.4,0.502,0.311,0.24,2.7,10.1,6.3,13.6,1.6,0.8,10.3,23.6,1.7,0.7,2.4,0.06,0.3,-1.4,-1,0.5,0,-5.87,-6.09,0.293,347,343,"$824,935.00","$1,440,655.00"
2003,"Rashard Lewis","SF",23,"SEA",77,77,39.5,6.7,14.9,0.452,1,2.8,0.346,5.8,12.1,0.476,0.484,3.7,4.5,0.82,2,4.6,6.5,1.7,1.3,0.5,1.9,2.7,18.1,3044,16.7,0.537,0.189,0.3,5.8,13.8,9.7,7.9,1.8,0.9,9.9,22.2,5,2.8,7.8,0.122,1.2,-0.5,0.7,2.1,0,-0.12,0.37,0.488,84,83,"$6,233,766.00","$10,886,567.00"
2003,"Art Long","PF",30,"TOT",26,0,8.1,1.1,2.9,0.373,0.1,0.1,0.667,1,2.8,0.361,0.387,0.1,0.4,0.2,0.8,1.5,2.3,0.2,0.2,0.4,0.8,1.3,2.3,211,6.2,0.378,0.04,0.133,11.3,22.1,16.5,4.7,1.3,4,20.1,21.3,-0.6,0.3,-0.3,-0.076,-6.9,-0.3,-7.2,-0.3,0,0,0,0.5,436,435,"$229,243.00","$400,346.00"
2003,"Tyronn Lue","PG",25,"WAS",75,24,26.5,3.3,7.6,0.433,0.8,2.3,0.341,2.5,5.3,0.474,0.485,1.2,1.4,0.875,0.3,1.7,2,3.5,0.6,0,1,2,8.6,1986,12.9,0.523,0.307,0.182,1.3,7.6,4.4,22.6,1.3,0,11.1,16.5,2.8,0.9,3.7,0.089,-0.4,-1.1,-1.5,0.3,0,-1.01,-1.47,0.451,244,243,"$1,870,000.00","$3,265,743.00"
2003,"George Lynch","SG",32,"NOH",81,32,18.5,1.8,4.4,0.409,0.3,1,0.354,1.5,3.5,0.425,0.448,0.5,0.9,0.554,1.7,2.6,4.4,1.3,0.8,0.2,0.6,1.7,4.5,1497,12.9,0.464,0.22,0.206,10.7,16.8,13.7,11,2.4,0.9,11.7,13.5,1.3,2.2,3.5,0.113,-0.3,1.2,0.9,1.1,0,2.11,1.52,0.573,213,210,"$2,600,000.00","$4,540,605.00"
2003,"Tito Maddox","SG",21,"HOU",9,0,3.9,0.3,1.3,0.25,0,0.3,0,0.3,1,0.333,0.25,0.6,0.9,0.625,0.1,0.7,0.8,0.6,0.3,0.1,0.3,0.4,1.2,35,11.2,0.354,0.25,0.667,3.4,19.3,11.5,22.8,4.6,2,16.2,24.4,-0.1,0.1,0,-0.011,-5.2,3.8,-1.4,0,0,1.48,1.89,0.524,419,409,"$349,458.00","$610,288.00"
2003,"Corey Maggette","SG",23,"LAC",64,57,31.3,5.4,12.1,0.444,1,2.8,0.35,4.4,9.3,0.471,0.484,5.1,6.3,0.802,1.2,3.8,5,1.9,0.9,0.3,2.3,3,16.8,2006,17.4,0.564,0.229,0.524,4.4,13.8,9.1,11.2,1.4,0.6,13.4,24.8,4,1,5,0.119,1.5,-1.1,0.4,1.2,0,-4.12,-3.44,0.329,233,232,"$2,069,764.00","$3,614,608.00"
2003,"Jamaal Magloire","C",24,"NOH",82,82,29.8,3.7,7.7,0.48,0,0,0,3.7,7.7,0.483,0.48,2.8,3.9,0.717,3.2,5.7,8.8,1.1,0.6,1.4,1.9,3.4,10.3,2443,15.4,0.541,0.005,0.507,12.2,22.3,17.2,5.9,1.1,3.3,16.9,17.4,2.9,3.8,6.7,0.133,-1.3,0.2,-1.2,0.5,0,2.11,1.52,0.573,300,299,"$1,121,280.00","$1,958,188.00"
2003,"Karl Malone","PF",39,"UTA",81,81,36.2,7.3,15.9,0.462,0,0.2,0.214,7.3,15.7,0.464,0.463,5.9,7.7,0.763,1.4,6.4,7.8,4.7,1.7,0.4,2.6,2.5,20.6,2936,21.7,0.534,0.011,0.482,4.8,20.5,13,24.4,2.5,0.8,11.8,27.8,6.9,4.3,11.1,0.182,3.2,1,4.2,4.6,0,2.39,2.77,0.573,7,6,"$19,250,000.00","$33,617,947.00"
2003,"Matt Maloney","PG",31,"ATL",14,0,7.4,0.6,1.8,0.32,0.4,1.1,0.333,0.2,0.7,0.3,0.42,0.2,0.4,0.6,0.1,0.4,0.5,1.2,0.3,0,0.4,0.6,1.7,103,9.2,0.441,0.6,0.2,1.2,6.4,3.9,25.8,2,0,15.5,14.3,0,0,0.1,0.031,-2,-1.4,-3.4,0,0,-3.56,-3.87,0.427,191,190,"$2,945,716.00","$5,144,359.00"
2003,"Danny Manning","PF",36,"DET",13,0,6.8,1,2.5,0.406,0.2,0.6,0.375,0.8,1.8,0.417,0.453,0.4,0.5,0.833,0.5,0.8,1.4,0.5,0.7,0.2,0.5,0.8,2.6,89,17.9,0.491,0.25,0.188,9.2,14.9,12,14.8,5.6,2.5,16.8,22.5,0,0.2,0.2,0.131,-0.4,3.9,3.5,0.1,0,3.68,2.98,0.61,334,333,"$900,000.00","$1,571,748.00"
2003,"Stephon Marbury","PG",25,"PHO",81,81,40,8.3,18.9,0.439,1.1,3.7,0.301,7.2,15.2,0.472,0.468,4.6,5.8,0.803,0.7,2.6,3.2,8.1,1.3,0.2,3.2,2.5,22.3,3240,20.1,0.52,0.193,0.305,1.8,7.4,4.6,36.6,1.7,0.5,13.2,27.7,7.1,2.5,9.6,0.142,3.7,-0.7,2.9,4,0,1.13,1.57,0.537,25,15,"$12,375,000.00","$21,611,537.00"
2003,"Shawn Marion","SF",24,"PHO",81,81,41.6,8.2,18.1,0.452,1.7,4.5,0.387,6.4,13.6,0.473,0.5,3.1,3.6,0.851,2.5,7.1,9.5,2.4,2.3,1.2,1.9,2.6,21.2,3373,21.3,0.538,0.248,0.201,6.6,19.4,13,10.4,2.9,2.1,9,23.3,7.3,5.8,13,0.186,3.9,1.7,5.6,6.5,0,1.13,1.57,0.537,228,227,"$2,265,375.00","$3,956,221.00"
2003,"Sean Marks","PF",27,"MIA",23,0,9.7,1,2.6,0.373,0,0,0,1,2.5,0.379,0.373,0.4,0.7,0.667,0.3,1.2,1.5,0.1,0.2,0.3,0.6,1.6,2.3,223,3.8,0.412,0.017,0.254,4,14.4,9.1,2.3,1.2,2.1,17.6,16.8,-0.4,0.3,-0.2,-0.037,-7.6,0.1,-7.5,-0.3,0,-5.05,-5.13,0.305,380,378,"$612,435.00","$1,069,548.00"
2003,"Donyell Marshall","PF",29,"CHI",78,53,30.5,5.4,11.8,0.459,0.4,1.1,0.379,5,10.7,0.467,0.477,2.1,2.8,0.756,3,6,9,1.8,1.2,1.1,1.7,3,13.4,2378,18.4,0.513,0.095,0.241,11,21.3,16.2,10,2,2.6,11.7,21.5,3,3.1,6,0.122,1.2,0.1,1.3,1.9,0,-5.13,-5.3,0.366,107,106,"$5,186,542.00","$9,057,708.00"
2003,"Kenyon Martin","PF",25,"NJN",77,77,34.1,6.6,14.1,0.47,0.1,0.6,0.209,6.5,13.5,0.481,0.475,3.3,5.1,0.653,2.1,6.2,8.3,2.4,1.3,0.9,2.5,3.8,16.7,2628,16.9,0.511,0.04,0.362,7.1,20.7,13.9,13,2,2,13.3,24.8,1.8,5.3,7.1,0.129,-0.2,1.2,1,2,0,5.22,4.42,0.598,148,147,"$4,067,160.00","$7,102,834.00"
2003,"Jamal Mashburn","SF",30,"NOH",82,81,40.5,8.2,19.3,0.422,1.5,3.7,0.389,6.7,15.6,0.43,0.46,3.8,4.5,0.848,0.8,5.3,6.1,5.6,1,0.2,2.8,2.4,21.6,3321,18,0.507,0.193,0.233,2.3,15.3,8.7,26.2,1.3,0.4,11.6,27.1,5.4,3.6,9,0.13,2.6,-0.4,2.2,3.5,0.001,2.11,1.52,0.573,64,63,"$7,750,000.00","$13,534,498.00"
2003,"Anthony Mason","C",36,"MIL",65,58,32.6,2.9,6,0.486,0,0,0,2.9,6,0.487,0.486,1.3,1.8,0.718,1.4,5,6.4,3.2,0.5,0.2,1.2,2.3,7.2,2119,11.3,0.524,0.003,0.298,4.9,18.1,11.5,14.6,0.8,0.4,15.1,11.5,2.5,0.6,3.1,0.069,-0.6,-0.8,-1.4,0.3,0,0.23,-0.24,0.512,141,140,"$4,370,819.00","$7,633,140.00"
2003,"Desmond Mason","SF",25,"TOT",80,40,34.5,5.7,12.7,0.449,0.3,0.9,0.292,5.5,11.8,0.461,0.46,2.7,3.5,0.749,1.9,4.6,6.5,2,0.8,0.4,1.4,2.6,14.3,2763,15.2,0.502,0.071,0.278,6.5,15.9,11.1,10.2,1.3,0.9,9.2,21.3,3.3,1.9,5.2,0.09,-0.1,-1.3,-1.4,0.4,0,0,0,0.5,291,290,"$1,235,880.00","$2,158,324.00"
2003,"Roger Mason","SF",22,"CHI",17,0,6.6,0.6,1.8,0.355,0.4,1.1,0.333,0.3,0.8,0.385,0.452,0.1,0.1,1,0.1,0.6,0.7,0.7,0.2,0,0.3,1.2,1.8,113,7.4,0.471,0.581,0.065,2,9.6,5.9,16.3,1.8,0,13.6,14.5,0,0.1,0.1,0.038,-3.5,-0.8,-4.3,-0.1,0,-5.13,-5.3,0.366,413,409,"$349,458.00","$610,288.00"
2003,"Walter McCarty","SF",28,"BOS",82,8,23.8,2.1,5.1,0.414,1.1,3,0.367,1,2.1,0.482,0.523,0.7,1.2,0.622,0.8,2.7,3.5,1.3,1,0.3,0.8,2.3,6.1,1949,10.8,0.54,0.593,0.234,3.6,13.4,8.4,9.2,2.1,1.1,12.7,12.6,1.6,2.5,4.1,0.101,-1.5,1.1,-0.5,0.8,0,-0.39,-0.75,0.537,356,355,"$762,435.00","$1,331,506.00"
2003,"Tracy McGrady","SG",23,"ORL",75,74,39.4,11.1,24.2,0.457,2.3,6,0.386,8.7,18.2,0.481,0.505,7.7,9.7,0.793,1.6,4.9,6.5,5.5,1.7,0.8,2.6,2.1,32.1,2954,30.3,0.564,0.247,0.4,4.6,14.6,9.5,30,2.2,1.5,8.4,35.2,13.2,2.9,16.1,0.262,9.8,0.7,10.5,9.3,0.359,0.13,-0.39,0.512,29,26,"$12,072,500.00","$21,083,255.00"
2003,"Jeff McInnis","PG",28,"POR",75,1,17.5,2.5,5.6,0.444,0.1,0.5,0.171,2.4,5.2,0.469,0.452,0.7,0.9,0.746,0.3,1,1.3,2.3,0.3,0,1,1.6,5.8,1311,10,0.477,0.083,0.158,2,6.9,4.5,21.3,0.9,0.1,14.2,18.6,0.5,0.6,1.1,0.04,-2.5,-1.5,-4.1,-0.7,0,2.61,2.98,0.61,189,184,"$3,000,000.00","$5,239,160.00"
2003,"Aaron McKie","SF",30,"PHI",80,40,29.7,3.6,8.3,0.429,0.5,1.4,0.33,3.1,6.9,0.449,0.457,1.4,1.7,0.836,0.8,3.6,4.4,3.5,1.6,0.1,1.4,2.2,9,2374,13.7,0.497,0.168,0.201,3,14.5,8.7,18.6,2.9,0.3,13.1,15.8,2.1,3,5.1,0.104,-0.6,1.6,1.1,1.9,0,2.3,1.76,0.585,137,135,"$4,500,000.00","$7,858,740.00"
2003,"Stanislav Medvedenko","PF",23,"LAL",58,10,10.7,1.9,4.4,0.434,0,0,0,1.9,4.4,0.438,0.434,0.5,0.7,0.721,1.1,1.3,2.4,0.3,0.2,0.1,0.6,2,4.4,620,10.3,0.46,0.008,0.167,11.9,13.7,12.8,4.9,0.9,0.9,11.8,22.5,0,0.4,0.4,0.032,-4.7,-2.6,-7.4,-0.8,0,2.33,2.71,0.61,277,274,"$1,400,000.00","$2,444,941.00"
2003,"Ron Mercer","SG",26,"IND",72,3,23.2,3.4,8.3,0.409,0,0.2,0.188,3.3,8.1,0.415,0.411,0.9,1.1,0.802,0.4,1.7,2.1,1.6,0.7,0.2,0.8,1.7,7.7,1671,9.3,0.439,0.027,0.136,2.2,8,5.2,11.5,1.5,0.6,7.9,18.6,-0.3,1.6,1.3,0.037,-3.3,-0.3,-3.6,-0.6,0,3.49,2.79,0.585,77,75,"$6,750,000.00","$11,788,111.00"
2003,"Chris Mihm","C",23,"CLE",52,0,15.6,2.2,5.5,0.404,0,0.1,0,2.2,5.5,0.408,0.404,1.5,2,0.724,1.8,2.7,4.4,0.5,0.3,0.7,0.9,2.4,5.9,809,13.2,0.462,0.01,0.366,12.6,19.5,16,6,1.1,3.3,12.6,20.5,0.2,0.7,0.9,0.053,-3.4,-1.6,-5,-0.6,0,-9.62,-9.58,0.207,229,228,"$2,212,200.00","$3,863,357.00"
2003,"Darius Miles","SF",21,"CLE",67,62,30,3.9,9.6,0.41,0,0.2,0,3.9,9.4,0.419,0.41,1.4,2.3,0.594,1.7,3.7,5.4,2.6,1,1,2.7,2.4,9.2,2008,9.7,0.435,0.022,0.241,6.2,14.2,10.1,14.9,1.7,2.4,20,19.2,-2.7,1.4,-1.3,-0.032,-3.2,-0.5,-3.7,-0.9,0,-9.62,-9.58,0.207,175,174,"$3,267,960.00","$5,707,122.00"
2003,"Andre Miller","PG",26,"LAC",80,80,36.4,4.7,11.6,0.406,0.3,1.4,0.213,4.4,10.3,0.432,0.419,3.9,4.9,0.795,1.1,2.9,4,6.7,1.2,0.1,2.6,2.5,13.6,2913,15.2,0.495,0.116,0.421,3.3,9,6.1,31.3,1.8,0.3,15.8,20.3,3.6,1,4.6,0.076,0.2,-1.3,-1.1,0.6,0,-4.12,-3.44,0.329,217,216,"$2,460,709.00","$4,297,349.00"
2003,"Brad Miller","C",26,"IND",73,72,31.1,4.5,9.1,0.493,0.1,0.2,0.313,4.4,8.9,0.498,0.497,4,4.9,0.818,2.5,5.7,8.3,2.6,0.9,0.6,1.6,2.8,13.1,2270,19.3,0.579,0.024,0.535,9.4,20.2,14.9,14.5,1.5,1.4,12.5,18.7,6.1,3.4,9.6,0.202,2.2,0.8,3,2.9,0,3.49,2.79,0.585,126,125,"$4,800,000.00","$8,382,657.00"
2003,"Mike Miller","SF",22,"TOT",65,52,33.6,5.7,13.2,0.434,1.7,4.6,0.363,4.1,8.6,0.472,0.498,2.4,2.9,0.839,0.7,4.5,5.2,2.6,0.6,0.3,1.9,2.7,15.6,2186,14.7,0.537,0.349,0.217,2.4,15.7,8.9,13.5,1,0.7,11.7,21.8,2.7,1.3,4,0.087,1.1,-1.3,-0.2,1,0,0,0,0.5,205,204,"$2,668,080.00","$4,659,499.00"
2003,"Reggie Miller","SG",37,"IND",70,70,30.2,4,9.1,0.441,1.6,4.5,0.355,2.4,4.6,0.527,0.53,3,3.3,0.9,0.3,2.2,2.5,2.4,0.9,0.1,0.9,1.3,12.6,2117,15.9,0.597,0.499,0.361,1.1,7.8,4.6,13.4,1.5,0.1,8.2,17.2,5.6,1.8,7.4,0.168,2.2,0.1,2.3,2.3,0,3.49,2.79,0.585,32,31,"$12,046,473.00","$21,037,802.00"
2003,"Chris Mills","PF",33,"GSW",21,0,12.5,1.9,5,0.368,0.3,1.2,0.28,1.5,3.9,0.395,0.401,0.8,0.9,0.889,0.9,1.5,2.4,1,0.3,0.1,0.5,1.4,4.8,262,12.7,0.443,0.236,0.17,7.8,12.5,10.2,13.4,1.4,0.8,8.1,20.1,0.3,0,0.3,0.059,-0.4,-1.8,-2.1,0,0,-1.13,-0.59,0.463,89,88,"$6,000,000.00","$10,478,321.00"
2003,"Yao Ming","C",22,"HOU",82,72,29,4.9,9.8,0.498,0,0,0.5,4.9,9.8,0.498,0.499,3.7,4.5,0.811,2.4,5.8,8.2,1.7,0.4,1.8,2.1,2.8,13.5,2382,20.6,0.57,0.002,0.461,9.7,22.6,16.3,10.6,0.7,4.4,15.2,22.1,5.2,3.5,8.7,0.176,1.3,0.9,2.2,2.5,0,1.48,1.89,0.524,159,158,"$3,858,240.00","$6,737,979.00"
2003,"Cuttino Mobley","SG",27,"HOU",73,73,41.7,6.3,14.6,0.434,1.5,4.4,0.352,4.8,10.3,0.469,0.486,3.3,3.9,0.858,1,3.2,4.2,2.8,1.3,0.5,2.3,2.5,17.5,3044,14.7,0.537,0.298,0.264,2.7,8.6,5.7,12.2,1.7,0.8,12.2,20.6,4.5,2.5,6.9,0.109,0.5,-0.2,0.2,1.7,0,1.48,1.89,0.524,120,119,"$4,903,750.00","$8,563,844.00"
2003,"Terence Morris","SF",24,"HOU",49,0,12.9,1.7,3.6,0.466,0.1,0.7,0.219,1.5,2.9,0.521,0.486,0.2,0.3,0.786,0.8,1.8,2.6,0.5,0.2,0.3,0.6,0.7,3.7,632,11.9,0.5,0.182,0.08,7.5,15.7,11.7,6.8,0.7,1.9,13.7,15.4,0.3,0.6,0.9,0.07,-0.8,-0.5,-1.3,0.1,0,1.48,1.89,0.524,401,396,"$512,435.00","$894,909.00"
2003,"Troy Murphy","PF",22,"GSW",79,79,31.8,4.3,9.5,0.451,0,0.2,0.214,4.2,9.3,0.456,0.453,3.1,3.7,0.841,2.9,7.3,10.2,1.3,0.8,0.4,1.4,3.1,11.7,2510,15.9,0.526,0.019,0.387,9.8,24.3,17.1,6.6,1.3,0.8,11.2,16.7,4.7,1.7,6.4,0.122,0.5,-1.2,-0.7,0.8,0,-1.13,-0.59,0.463,274,273,"$1,408,680.00","$2,460,100.00"
2003,"Ronald Murray","SG",23,"TOT",14,0,4.4,0.8,2.2,0.355,0,0.4,0,0.8,1.9,0.423,0.355,0.4,0.6,0.625,0,0.3,0.3,0.4,0.3,0,0.6,0,1.9,62,6.6,0.391,0.161,0.258,0,7.7,3.8,13.9,3.4,0,18.8,32,-0.3,0,-0.3,-0.198,-6.6,-2,-8.5,-0.1,0,0,0,0.5,429,409,"$349,458.00","$610,288.00"
2003,"Tracy Murray","SF",31,"LAL",31,0,6.2,0.7,2.3,0.324,0.3,1.2,0.211,0.5,1.1,0.455,0.38,0.2,0.3,0.778,0.2,0.6,0.7,0.4,0.2,0.1,0.5,0.7,2,193,5.2,0.407,0.535,0.127,2.9,10.6,6.7,9.5,1.3,1.1,15.7,20.4,-0.3,0.1,-0.2,-0.054,-5.1,-1.8,-6.9,-0.2,0,2.33,2.71,0.61,161,160,"$3,740,000.00","$6,531,486.00"
2003,"Lee Nailon","SF",27,"NYK",38,0,10.7,2.2,5,0.442,0,0,0,2.2,5,0.444,0.442,1.1,1.3,0.824,0.8,1,1.8,0.7,0.2,0.1,0.8,1.2,5.5,405,14.3,0.494,0.005,0.268,9.1,11.3,10.1,11.9,0.8,0.5,13.1,27.9,0.1,0.1,0.3,0.03,-0.5,-2.2,-2.7,-0.1,0,-1.35,-1.61,0.451,388,382,"$587,435.00","$1,025,888.00"
2003,"Steve Nash","PG",28,"DAL",82,82,33.1,6.3,13.6,0.465,1.4,3.3,0.413,5,10.3,0.482,0.515,3.8,4.1,0.909,0.8,2.1,2.9,7.3,1,0.1,2.3,1.6,17.7,2711,22.6,0.576,0.241,0.304,2.6,7,4.8,36.3,1.6,0.2,13.2,24.4,9.7,1.9,11.6,0.206,5.4,-0.8,4.6,4.5,0.001,7.78,7.91,0.732,90,89,"$5,750,000.00","$10,041,724.00"
2003,"Ira Newble","SF",28,"ATL",73,45,26.5,3.2,6.4,0.495,0.4,1.2,0.381,2.7,5.2,0.52,0.529,1,1.2,0.778,1.2,2.5,3.7,1.4,0.7,0.4,0.9,2.4,7.7,1931,11.7,0.557,0.18,0.193,5.3,10.5,8,8.6,1.4,0.9,12,13.7,2.5,0.8,3.3,0.081,-0.8,-0.5,-1.2,0.4,0,-3.56,-3.87,0.427,383,382,"$587,435.00","$1,025,888.00"
2003,"Moochie Norris","PG",29,"HOU",82,3,16.8,1.6,4,0.406,0.1,0.5,0.244,1.5,3.5,0.432,0.423,1,1.4,0.684,0.5,1.5,1.9,2.4,0.7,0,1,0.9,4.4,1375,11.8,0.47,0.136,0.345,3.2,10,6.7,23.2,2.2,0.2,18.4,15.6,0.5,1.3,1.7,0.061,-1.8,0.4,-1.5,0.2,0,1.48,1.89,0.524,180,179,"$3,150,000.00","$5,501,118.00"
2003,"Dirk Nowitzki","PF",24,"DAL",80,80,39,8.6,18.6,0.463,1.9,4.9,0.379,6.8,13.7,0.493,0.513,6,6.9,0.881,1,8.9,9.9,3,1.4,1,1.9,2.6,25.1,3117,25.6,0.581,0.262,0.368,2.9,25.1,14,13.3,1.8,2,8.1,27.4,10.8,5.3,16.1,0.249,5.8,1.4,7.2,7.3,0.036,7.78,7.91,0.732,44,42,"$10,067,750.00","$17,582,186.00"
2003,"Jermaine O'Neal","PF",24,"IND",77,76,37.2,7.9,16.4,0.484,0.1,0.3,0.333,7.8,16.1,0.487,0.487,4.8,6.6,0.731,2.6,7.7,10.3,2,0.9,2.3,2.3,3.6,20.8,2864,21.4,0.539,0.017,0.405,8.1,22.8,15.6,10.4,1.2,4.5,10.8,26.2,5.3,5.2,10.5,0.177,2,0.9,2.9,3.5,0,3.49,2.79,0.585,72,71,"$6,900,000.00","$12,050,069.00"
2003,"Lamar Odom","SF",23,"LAC",49,47,34.3,5.5,12.5,0.439,0.9,2.6,0.326,4.6,9.8,0.469,0.473,2.8,3.6,0.777,1.2,5.4,6.7,3.6,0.9,0.8,2.9,3.7,14.6,1679,14.6,0.519,0.211,0.286,4,17.9,11,19,1.3,1.7,16.9,22.3,0.9,1.2,2.2,0.062,-0.1,-0.2,-0.3,0.7,0,-4.12,-3.44,0.329,167,166,"$3,557,585.00","$6,212,919.00"
2003,"Mehmet Okur","PF",23,"DET",72,9,19,2.5,5.9,0.426,0.5,1.6,0.339,2,4.3,0.457,0.47,1.3,1.8,0.733,1.6,3,4.7,1,0.3,0.5,0.9,2.3,6.9,1366,14.8,0.514,0.265,0.31,10,19.2,14.5,9.5,1,2.1,12.1,19.3,1.7,2.1,3.8,0.134,-0.6,0,-0.5,0.5,0,3.68,2.98,0.61,323,321,"$1,000,000.00","$1,746,386.00"
2003,"Dean Oliver","PG",24,"GSW",15,0,6.2,0.5,1.9,0.241,0.1,0.4,0.167,0.4,1.5,0.261,0.259,0.5,0.5,0.875,0.5,0.5,1.1,1.5,0.5,0,0.7,0.6,1.5,93,11.2,0.338,0.207,0.276,9.3,9.1,9.2,35.4,3.8,0,23.5,19.5,-0.1,0.1,-0.1,-0.029,-1.5,-0.1,-1.6,0,0,-1.13,-0.59,0.463,445,444,"$118,735.00","$207,357.00"
2003,"Kevin Ollie","PG",30,"TOT",82,5,23.1,2.4,5.4,0.451,0,0.1,0.333,2.4,5.3,0.453,0.454,1.6,2.2,0.753,0.3,1.9,2.2,3.5,0.8,0.1,0.9,1.5,6.5,1897,13.7,0.514,0.014,0.404,1.5,9.8,5.6,23.8,2,0.2,12.2,14.6,3,0.8,3.8,0.097,-0.7,0.2,-0.6,0.7,0,0,0,0.5,324,321,"$1,000,000.00","$1,746,386.00"
2003,"Bo Outlaw","C",31,"PHO",80,20,22.5,1.9,3.5,0.55,0,0,0,1.9,3.5,0.554,0.55,0.9,1.5,0.621,1.7,2.9,4.6,1.4,0.6,0.9,1,2.4,4.7,1800,12.2,0.574,0.007,0.417,8.3,14.8,11.6,9.2,1.5,2.9,18.8,10.1,2.2,2.2,4.4,0.116,-1.2,1.8,0.6,1.2,0,1.13,1.57,0.537,80,79,"$6,585,000.00","$11,499,957.00"
2003,"Scott Padgett","PF",26,"UTA",82,2,16.1,2.1,5.2,0.402,0.5,1.6,0.338,1.5,3.5,0.431,0.455,1,1.3,0.757,1,2.3,3.3,1,0.5,0.3,0.9,1.8,5.7,1321,12.4,0.496,0.314,0.253,7.9,16.7,12.5,10.8,1.7,1.4,13,18.8,1,1.5,2.5,0.091,-0.8,-0.3,-1.1,0.3,0,2.39,2.77,0.573,382,378,"$612,435.00","$1,069,548.00"
2003,"Milt Palacio","PG",24,"CLE",80,46,24.7,2,4.9,0.418,0.1,0.5,0.216,1.9,4.4,0.439,0.428,0.8,1.1,0.747,0.6,2.3,2.9,3.2,0.9,0.2,1.6,2.1,5,1976,8.2,0.466,0.095,0.224,2.7,10.8,6.7,20.6,1.8,0.6,23.5,12.2,-0.6,0.8,0.2,0.004,-4.1,-0.3,-4.4,-1.2,0,-9.62,-9.58,0.207,359,358,"$750,000.00","$1,309,790.00"
2003,"Jannero Pargo","PG",23,"LAL",34,0,10.1,1.1,2.7,0.398,0.2,0.7,0.292,0.9,2,0.435,0.435,0.1,0.1,1,0.3,0.8,1.1,1.1,0.4,0.1,0.7,1.3,2.5,342,7.3,0.449,0.258,0.043,2.9,9.3,6.1,17.1,2,0.4,19.5,15.3,-0.2,0.2,0.1,0.007,-5,-0.4,-5.4,-0.3,0,2.33,2.71,0.61,420,409,"$349,458.00","$610,288.00"
2003,"Smush Parker","PG",21,"CLE",66,18,16.7,2.1,5.1,0.402,0.6,1.8,0.322,1.5,3.3,0.445,0.459,1.5,1.8,0.831,0.4,1.4,1.8,2.5,0.7,0.2,2,1.6,6.2,1103,11.3,0.523,0.349,0.349,2.9,9.3,6,24.7,2.2,0.8,25.4,20.6,-0.4,0.5,0.1,0.005,-2.2,-1.2,-3.4,-0.4,0,-9.62,-9.58,0.207,415,409,"$349,458.00","$610,288.00"
2003,"Tony Parker","PG",20,"SAS",82,82,33.8,5.9,12.7,0.464,1,3,0.337,4.9,9.8,0.503,0.503,2.7,3.5,0.755,0.4,2.2,2.6,5.3,0.9,0,2.4,2.1,15.5,2774,16.5,0.542,0.233,0.278,1.4,7.3,4.5,27.9,1.4,0.1,14.5,22.9,5.1,2.6,7.7,0.134,1.4,-1,0.5,1.7,0,5.41,5.65,0.732,351,350,"$800,400.00","$1,397,808.00"
2003,"Cherokee Parks","PF",30,"LAC",30,18,21.6,2.7,5.4,0.503,0,0.1,0.5,2.7,5.4,0.503,0.506,0.8,1.3,0.605,1.5,2.9,4.4,0.7,0.5,0.7,0.6,1.7,6.3,648,13.3,0.523,0.012,0.233,8.1,14.9,11.5,5.5,1.3,2.2,9.1,13.8,0.8,0.4,1.2,0.09,-0.4,-0.8,-1.2,0.1,0,-4.12,-3.44,0.329,345,343,"$824,935.00","$1,440,655.00"
2003,"Ruben Patterson","SF",27,"POR",78,17,21.2,3.3,6.6,0.492,0,0.3,0.15,3.2,6.4,0.506,0.495,1.8,2.8,0.627,1.5,1.8,3.4,1.3,0.9,0.4,1.5,2.1,8.3,1655,14.5,0.53,0.039,0.426,8.8,10.5,9.6,10.2,2.4,1.3,16,20.4,1.4,1.8,3.2,0.093,-0.6,0,-0.6,0.6,0,2.61,2.98,0.61,119,114,"$4,991,800.00","$8,717,614.00"
2003,"Gary Payton","PG",34,"TOT",80,80,40.1,8.3,18.3,0.454,0.7,2.3,0.297,7.6,16.1,0.476,0.472,3.1,4.4,0.71,1,3.2,4.2,8.3,1.7,0.3,2.3,2.3,20.4,3208,21.1,0.504,0.124,0.24,2.9,9.5,6.1,38.9,2.2,0.5,10.3,26.4,7,2.1,9.1,0.136,3.7,-0.6,3.1,4.1,0,0,0,0.5,14,13,"$12,636,117.00","$22,067,548.00"
2003,"Anthony Peeler","SG",33,"MIN",82,39,27.4,3.1,7.4,0.414,1.1,2.6,0.41,2,4.8,0.416,0.485,0.5,0.6,0.78,0.5,2.5,2.9,3,0.9,0.2,1,2,7.7,2245,11,0.499,0.348,0.082,2.1,9.9,6.1,15.8,1.7,0.4,11.5,14.4,1.7,1.7,3.4,0.072,-0.9,0.3,-0.6,0.7,0,2.07,2.46,0.622,173,172,"$3,350,812.00","$5,851,814.00"
2003,"Wesley Person","SG",31,"MEM",66,44,29.4,4.2,9.1,0.456,1.5,3.5,0.433,2.6,5.6,0.47,0.539,1.2,1.5,0.814,0.4,2.5,2.9,1.7,0.6,0.3,0.8,1,11,1941,13.5,0.565,0.384,0.161,1.4,9.6,5.6,9.3,1.1,0.7,8,16.2,3.1,0.2,3.3,0.082,0.8,-1.4,-0.6,0.7,0,-3.23,-2.59,0.341,70,69,"$7,000,000.00","$12,224,708.00"
2003,"Morris Peterson","SF",25,"TOR",82,80,36,5.1,13.1,0.392,1.4,4.2,0.337,3.7,8.9,0.418,0.446,2.4,3,0.789,1.2,3.2,4.4,2.3,1.1,0.4,1.6,2.8,14.1,2949,12.6,0.488,0.321,0.23,3.6,10.7,7,11.1,1.6,0.8,9.8,20.3,2.1,1.1,3.2,0.052,-0.6,-1.2,-1.8,0.1,0,-5.87,-6.09,0.293,308,307,"$1,033,320.00","$1,804,576.00"
2003,"Eric Piatkowski","SG",32,"LAC",62,26,21.9,3.4,7.2,0.471,1.3,3.2,0.398,2.1,4,0.531,0.561,1.6,2,0.828,0.7,1.8,2.5,1.1,0.5,0.1,0.9,1.5,9.7,1360,16,0.601,0.451,0.274,3.7,9.3,6.5,9.1,1.3,0.5,10.1,18.5,3.3,0.3,3.6,0.129,2.5,-1.2,1.3,1.1,0,-4.12,-3.44,0.329,186,184,"$3,000,000.00","$5,239,160.00"
2003,"Paul Pierce","SG",25,"BOS",79,79,39.2,8.4,20.2,0.416,1.5,4.9,0.302,6.9,15.2,0.454,0.454,7.6,9.5,0.802,1.3,6,7.3,4.4,1.8,0.8,3.6,2.9,25.9,3096,22.7,0.532,0.246,0.473,3.8,17.7,10.6,24.2,2.4,1.6,13,33.2,5.3,4.8,10.1,0.157,4.2,0.7,4.9,5.4,0.001,-0.39,-0.75,0.537,43,42,"$10,067,750.00","$17,582,186.00"
2003,"Scottie Pippen","SF",37,"POR",64,58,29.9,4.1,9.3,0.444,0.6,2.1,0.286,3.5,7.3,0.489,0.476,1.9,2.3,0.818,0.9,3.5,4.3,4.5,1.6,0.4,2.6,2.3,10.8,1911,15.3,0.52,0.223,0.248,3.6,14,8.8,24.3,3,1,19.9,20,1.2,2.6,3.8,0.095,0,1.6,1.6,1.7,0,2.61,2.98,0.61,6,5,"$19,727,524.00","$34,451,889.00"
2003,"James Posey","SF",26,"TOT",83,71,30.3,3.7,9.1,0.411,0.8,2.8,0.306,2.9,6.3,0.457,0.457,2.5,3,0.833,1.1,4,5.1,2.2,1.3,0.2,1.7,2.4,10.8,2518,13.5,0.519,0.305,0.327,4.1,15.4,9.8,12.7,2.3,0.4,14.3,18.1,2.3,3.1,5.4,0.104,-0.5,1,0.6,1.7,0,0,0,0.5,253,252,"$1,723,606.00","$3,010,082.00"
2003,"Lavor Postell","SG",24,"NYK",12,0,8.2,1.2,3.2,0.368,0.2,0.6,0.286,1,2.6,0.387,0.395,1.1,1.3,0.867,0.1,0.3,0.3,0.3,0.2,0,0.6,0.8,3.6,98,7.8,0.482,0.184,0.395,1.2,3.7,2.4,5.1,1.1,0,13.6,24.3,-0.1,0,-0.1,-0.032,-4.4,-2.9,-7.4,-0.1,0,-1.35,-1.61,0.451,387,382,"$587,435.00","$1,025,888.00"
2003,"Tayshaun Prince","SF",22,"DET",42,5,10.4,1.3,2.8,0.449,0.5,1.1,0.426,0.8,1.7,0.465,0.534,0.3,0.4,0.647,0.1,1,1.1,0.6,0.2,0.3,0.5,0.6,3.3,435,11.7,0.546,0.398,0.144,1.3,11.1,6.1,9.9,1.3,2.4,14.3,16.2,0.2,0.6,0.8,0.084,-0.6,0.5,0,0.2,0,3.68,2.98,0.61,332,331,"$903,360.00","$1,577,616.00"
2003,"Zach Randolph","PF",21,"POR",77,11,16.9,3.4,6.7,0.513,0,0.1,0,3.4,6.6,0.518,0.513,1.6,2.1,0.758,1.8,2.6,4.5,0.5,0.5,0.2,0.8,1.8,8.4,1301,19.9,0.555,0.01,0.313,12.9,18.9,15.9,5.7,1.7,0.8,9.6,23,3.2,1.6,4.8,0.177,1.4,-1.3,0.1,0.7,0,2.61,2.98,0.61,304,303,"$1,095,720.00","$1,913,551.00"
2003,"Michael Redd","SG",23,"MIL",82,14,28.2,5.5,11.8,0.469,2.2,5.1,0.438,3.3,6.8,0.492,0.562,1.8,2.3,0.805,1.2,3.3,4.5,1.4,1.2,0.2,0.9,1.7,15.1,2316,21,0.59,0.428,0.191,4.9,13.9,9.4,8.9,2.3,0.4,6.6,22.6,6.9,1.1,8,0.167,5,-1.2,3.9,3.4,0,0.23,-0.24,0.512,188,184,"$3,000,000.00","$5,239,160.00"
2003,"Efthimios Rentzias","C",27,"PHI",35,0,4.1,0.6,1.7,0.339,0.1,0.2,0.5,0.5,1.5,0.314,0.373,0.2,0.3,0.889,0.3,0.5,0.7,0.2,0.2,0.1,0.1,0.6,1.5,144,10.6,0.413,0.136,0.153,8,13.3,10.6,8,2.2,1.1,6,20.9,0,0.2,0.2,0.058,-2.6,-1.2,-3.8,-0.1,0,2.3,1.76,0.585,333,331,"$903,360.00","$1,577,616.00"
2003,"Glen Rice","SF",35,"HOU",62,26,24.7,3.2,7.4,0.429,1.6,4.1,0.398,1.5,3.3,0.468,0.539,1,1.3,0.759,0.5,2,2.5,1,0.4,0.1,0.9,1.6,9,1532,11.9,0.563,0.556,0.182,2.2,9.3,5.8,7.3,0.8,0.2,10,16.5,2.5,0.8,3.3,0.103,0.5,-0.9,-0.4,0.6,0,1.48,1.89,0.524,53,52,"$9,200,000.00","$16,066,759.00"
2003,"Jason Richardson","SG",22,"GSW",82,82,32.9,5.8,14.2,0.41,1.5,4.1,0.368,4.3,10.1,0.427,0.463,2.5,3.3,0.764,1.4,3.3,4.6,3,1.1,0.3,2.2,2.5,15.6,2698,14.8,0.501,0.288,0.233,4.4,10.4,7.5,15.3,1.7,0.6,12.3,23,3.4,0.3,3.7,0.066,1,-1.6,-0.5,1,0,-1.13,-0.59,0.463,210,209,"$2,607,360.00","$4,553,459.00"
2003,"Quentin Richardson","SG",22,"LAC",59,13,23.2,3.4,9.3,0.372,1,3.4,0.308,2.4,5.9,0.408,0.428,1.4,2.1,0.685,1.7,3.1,4.8,0.9,0.6,0.2,1.1,1.6,9.4,1368,12.5,0.46,0.363,0.227,8.2,15.1,11.6,6.7,1.3,0.5,9.6,22,0.3,0.7,1,0.036,-0.1,-2.2,-2.3,-0.1,0,-4.12,-3.44,0.329,296,295,"$1,174,080.00","$2,050,397.00"
2003,"Clifford Robinson","PF",36,"DET",81,69,34.9,4.6,11.5,0.398,1.1,3.2,0.336,3.5,8.3,0.422,0.444,2,2.9,0.676,1,2.9,3.9,3.3,1.1,1.1,2,3.2,12.2,2825,12.4,0.477,0.277,0.255,3.3,10.1,6.7,17.4,1.7,2.3,13.2,20.4,0.4,4,4.4,0.075,-0.9,0.9,0,1.4,0,3.68,2.98,0.61,58,57,"$8,421,875.00","$14,707,852.00"
2003,"Eddie Robinson","SF",26,"CHI",64,18,21.2,2.4,4.9,0.492,0,0.2,0.214,2.4,4.7,0.505,0.497,0.8,1,0.81,1.2,1.9,3.1,1,1,0.2,0.8,1.9,5.7,1355,11.5,0.531,0.044,0.2,6.3,10,8.2,7.7,2.3,0.7,13.2,12.9,1.2,1,2.2,0.076,-1.5,0.7,-0.8,0.4,0,-5.13,-5.3,0.366,92,91,"$5,687,000.00","$9,931,702.00"
2003,"Glenn Robinson","SF",30,"ATL",69,68,37.6,7.8,18.1,0.432,1.3,3.8,0.342,6.5,14.3,0.456,0.468,3.9,4.4,0.876,1.2,5.4,6.6,3,1.3,0.4,3.6,2.7,20.8,2591,16.7,0.519,0.211,0.245,3.9,15.7,10,15.5,1.9,0.7,15.2,28.8,1,1.9,2.9,0.055,0.7,-1.5,-0.8,0.8,0,-3.56,-3.87,0.427,48,47,"$9,860,000.00","$17,219,374.00"
2003,"Rodney Rogers","PF",31,"NJN",68,0,19.2,2.7,6.7,0.402,0.6,1.9,0.333,2,4.8,0.43,0.451,1,1.3,0.756,0.9,3,3.9,1.6,0.7,0.5,1.3,2.8,7,1303,11.7,0.483,0.29,0.198,5.4,17.7,11.5,13.8,2,1.8,15.5,20.3,-0.1,2.5,2.3,0.086,-2.4,1.3,-1.1,0.3,0,5.22,4.42,0.598,194,193,"$2,796,000.00","$4,882,897.00"
2003,"Sean Rooks","C",33,"LAC",70,38,19.2,1.8,4.2,0.421,0,0,0,1.8,4.2,0.422,0.421,0.7,0.8,0.81,0.8,2.3,3.1,1,0.5,0.6,0.9,2.5,4.2,1344,7.7,0.46,0.003,0.195,4.5,13.7,9.1,8.2,1.3,2.3,17,13.1,-0.4,0.8,0.4,0.015,-3.9,0.2,-3.7,-0.6,0,-4.12,-3.44,0.329,208,206,"$2,640,000.00","$4,610,461.00"
2003,"Jalen Rose","SF",30,"CHI",82,82,40.9,7.8,19.3,0.406,1.6,4.4,0.37,6.2,14.9,0.416,0.448,4.9,5.7,0.854,0.8,3.5,4.3,4.8,0.9,0.3,3.5,3.3,22.1,3351,14.9,0.508,0.227,0.295,2.3,9.2,5.8,21.1,1.1,0.5,13.7,27.4,2.5,1.1,3.6,0.052,0.9,-2.1,-1.2,0.7,0,-5.13,-5.3,0.366,27,26,"$12,072,500.00","$21,083,255.00"
2003,"Malik Rose","PF",28,"SAS",79,13,24.5,3.7,8,0.459,0,0.1,0.4,3.6,7.9,0.459,0.46,3.1,3.9,0.791,1.9,4.5,6.4,1.6,0.7,0.5,2.2,2.6,10.4,1933,16.1,0.538,0.008,0.486,9.3,20.5,15.2,11,1.6,1.4,18.2,22.4,1.9,3.3,5.2,0.13,-1,0.4,-0.6,0.7,0,5.41,5.65,0.732,142,141,"$4,370,000.00","$7,631,710.00"
2003,"Kareem Rush","PG",22,"LAL",76,0,11.5,1.3,3.2,0.393,0.3,0.9,0.279,1,2.3,0.438,0.432,0.2,0.3,0.696,0.3,0.9,1.2,0.9,0.1,0.1,0.8,0.9,3,872,5.8,0.447,0.279,0.094,3.3,8.9,6.1,11.7,0.6,0.9,19.9,16.1,-0.9,0.3,-0.6,-0.033,-3.7,-2.3,-6,-0.9,0,2.33,2.71,0.61,320,319,"$1,021,080.00","$1,783,200.00"
2003,"Bryon Russell","SF",32,"WAS",70,23,19.8,1.5,4.4,0.353,0.7,2,0.329,0.9,2.4,0.373,0.428,0.8,1,0.768,0.6,2.4,3,1,1,0.1,0.8,1.9,4.5,1388,9.1,0.468,0.458,0.225,3.7,14.1,8.9,8.2,2.7,0.4,14.1,13.3,0,1.6,1.5,0.052,-2.7,1.1,-1.6,0.1,0,-1.01,-1.47,0.451,281,274,"$1,400,000.00","$2,444,941.00"
2003,"Arvydas Sabonis","C",38,"POR",78,1,15.5,2.2,4.6,0.476,0,0.1,0.5,2.2,4.6,0.476,0.481,1.7,2.1,0.787,1.1,3.2,4.3,1.8,0.8,0.6,1,1.8,6.1,1209,20.5,0.549,0.017,0.454,8.8,24.7,16.7,19.3,2.7,3.1,14.8,19.4,2.6,2.3,4.9,0.196,1.6,3,4.6,2,0,2.61,2.98,0.61,75,74,"$6,850,000.00","$11,962,750.00"
2003,"John Salmons","PG",23,"PHI",64,1,7.9,0.8,1.8,0.414,0.2,0.5,0.323,0.6,1.3,0.447,0.457,0.4,0.5,0.743,0.3,0.7,0.9,0.7,0.3,0.1,0.5,0.8,2.1,504,9.5,0.502,0.267,0.302,3.7,10.2,6.9,14.3,1.8,0.9,18.1,14.3,0.2,0.4,0.6,0.058,-1.9,0.6,-1.3,0.1,0,2.3,1.76,0.585,368,367,"$670,800.00","$1,171,476.00"
2003,"Jeryl Sasser","SG",23,"ORL",75,4,13.7,0.9,2.8,0.309,0.2,0.6,0.295,0.7,2.2,0.313,0.341,0.7,1,0.679,0.9,1.6,2.5,0.9,0.6,0.2,0.5,1.2,2.6,1025,8.3,0.402,0.213,0.377,7,13.8,10.3,9.3,2.3,0.9,13.9,12.2,-0.2,0.9,0.8,0.036,-2.6,0.3,-2.3,-0.1,0,0.13,-0.39,0.512,328,327,"$969,480.00","$1,693,087.00"
2003,"Kenny Satterfield","PG",21,"TOT",39,6,12.9,1.4,4.7,0.301,0.1,0.7,0.179,1.3,4,0.323,0.314,0.4,0.6,0.68,0.4,0.7,1.1,1.7,0.5,0.1,1.1,0.9,3.4,502,4.8,0.34,0.153,0.137,3.6,6.6,5,23.1,2.1,0.3,18.1,21,-1.4,0.5,-1,-0.091,-4.6,-0.2,-4.8,-0.4,0,0,0,0.5,406,396,"$512,435.00","$894,909.00"
2003,"Brian Scalabrine","PF",24,"NJN",59,7,12.3,1.2,2.9,0.402,0.2,0.7,0.359,0.9,2.2,0.415,0.444,0.5,0.6,0.833,0.7,1.7,2.4,0.8,0.3,0.3,0.8,1.3,3.1,724,8.9,0.487,0.231,0.213,6.3,15.9,11.1,9.9,1.2,1.9,19.9,14.4,-0.1,1.2,1,0.068,-2.9,0.8,-2.1,0,0,5.22,4.42,0.598,397,396,"$512,435.00","$894,909.00"
2003,"Brian Shaw","PG",36,"LAL",72,0,12.5,1.4,3.6,0.387,0.5,1.5,0.349,0.9,2.1,0.414,0.46,0.1,0.2,0.667,0.3,1.4,1.7,1.4,0.4,0.2,0.8,0.9,3.5,900,10.2,0.467,0.418,0.057,2.5,12.5,7.4,17.3,1.8,1,16.8,15.9,-0.1,0.7,0.6,0.034,-1.3,0.1,-1.2,0.2,0,2.33,2.71,0.61,312,308,"$1,030,000.00","$1,798,778.00"
2003,"Bobby Simmons","SG",22,"WAS",36,2,10.5,1.2,3.1,0.393,0,0.1,0,1.2,3,0.411,0.393,0.9,1,0.914,0.9,1.2,2.1,0.6,0.3,0.1,0.2,1.4,3.3,378,13,0.471,0.045,0.313,10.3,13.8,12,8.9,1.4,0.6,5.9,16.9,0.6,0.3,0.9,0.111,-1.7,-1.2,-2.9,-0.1,0,-1.01,-1.47,0.451,339,338,"$849,892.00","$1,484,239.00"
2003,"Tamar Slay","SG",22,"NJN",36,0,7.6,1.1,2.9,0.379,0.2,0.7,0.28,0.9,2.2,0.41,0.413,0.2,0.3,0.7,0.2,0.6,0.9,0.4,0.4,0.1,0.6,0.9,2.6,274,7.1,0.428,0.243,0.097,3.3,9.6,6.5,8.6,2.7,0.8,15.7,21,-0.5,0.5,0,-0.004,-5.4,0.7,-4.7,-0.2,0,5.22,4.42,0.598,411,409,"$349,458.00","$610,288.00"
2003,"Charles Smith","SG",27,"POR",3,0,4.3,0.3,1.3,0.25,0,0.3,0,0.3,1,0.333,0.25,1,1.3,0.75,0,0,0,0.3,0.3,0,0.3,1,1.7,13,5.9,0.434,0.25,1,0,0,0,11.4,4.1,0,14.8,24,0,0,0,0.007,-8,1.4,-6.5,0,0,2.61,2.98,0.61,376,369,"$637,435.00","$1,113,208.00"
2003,"Joe Smith","SF",27,"MIN",54,21,20.7,2.8,6.1,0.46,0,0,0,2.8,6,0.463,0.46,1.9,2.4,0.779,2.1,2.9,5,0.7,0.3,1,0.8,3.2,7.5,1117,14.3,0.524,0.006,0.399,11.6,15.7,13.7,5.1,0.7,3.5,10,17.4,1.9,1.2,3,0.131,-1.8,-0.5,-2.4,-0.1,0,2.07,2.46,0.622,116,114,"$4,991,800.00","$8,717,614.00"
2003,"Steve Smith","SG",33,"SAS",53,18,19.5,2.1,5.5,0.388,0.7,2.2,0.331,1.4,3.3,0.428,0.455,1.8,2.2,0.833,0.4,1.5,1.9,1.3,0.5,0.2,0.8,1.5,6.8,1032,12,0.528,0.405,0.392,2.5,8.4,5.6,10.9,1.4,0.6,11.2,17.3,1.4,1.1,2.5,0.117,-0.5,0.1,-0.4,0.4,0,5.41,5.65,0.732,47,46,"$9,900,000.00","$17,289,230.00"
2003,"Eric Snow","PG",29,"PHI",82,82,37.9,4.4,9.7,0.452,0.1,0.4,0.219,4.3,9.4,0.462,0.456,4,4.6,0.858,0.9,2.8,3.7,6.6,1.6,0.1,2.4,2.9,12.9,3108,15.6,0.546,0.04,0.474,2.6,8.8,5.7,27.6,2.2,0.3,16.7,16.8,5.7,2.7,8.4,0.13,0.4,0.3,0.7,2.1,0,2.3,1.76,0.585,146,145,"$4,125,000.00","$7,203,845.00"
2003,"Latrell Sprewell","SF",32,"NYK",74,73,38.6,6.1,15.2,0.403,1.8,4.9,0.372,4.3,10.4,0.417,0.462,2.3,2.9,0.794,0.6,3.2,3.9,4.5,1.4,0.3,2.3,1.8,16.4,2859,14.3,0.497,0.319,0.193,1.8,10.1,5.9,19.7,1.9,0.6,12.3,22.6,1.6,1.6,3.2,0.054,0.7,-0.6,0.1,1.5,0,-1.35,-1.61,0.451,22,15,"$12,375,000.00","$21,611,537.00"
2003,"Jerry Stackhouse","SG",28,"WAS",70,70,39.2,7,17.2,0.409,1,3.5,0.29,6,13.7,0.439,0.438,6.5,7.4,0.878,0.9,2.8,3.7,4.5,0.9,0.4,2.8,1.9,21.5,2747,18.7,0.528,0.204,0.431,2.6,8.5,5.6,21.7,1.3,0.8,11.9,27.9,5.1,1.4,6.5,0.114,2.9,-1.6,1.3,2.3,0,-1.01,-1.47,0.451,81,80,"$6,375,000.00","$11,133,216.00"
2003,"DeShawn Stevenson","SG",21,"UTA",61,8,12.5,1.9,4.7,0.401,0.1,0.2,0.333,1.8,4.5,0.404,0.408,0.8,1.1,0.691,0.4,1,1.4,0.7,0.4,0.1,0.8,0.9,4.6,760,8.2,0.444,0.042,0.239,3.6,9.7,6.8,9.1,1.6,0.8,13.5,22,-0.7,0.6,-0.1,-0.009,-4,-1.6,-5.6,-0.7,0,2.39,2.77,0.573,329,328,"$952,320.00","$1,663,119.00"
2003,"John Stockton","PG",40,"UTA",82,82,27.7,3.8,7.8,0.483,0.4,1,0.363,3.4,6.8,0.5,0.505,2.9,3.5,0.826,0.6,1.8,2.5,7.7,1.7,0.2,2.2,2.2,10.8,2275,21,0.577,0.125,0.448,2.8,7.7,5.4,46.4,3.2,0.5,19.2,19.2,6.5,2.5,9,0.19,3.9,1.1,5,4,0,2.39,2.77,0.573,62,61,"$7,875,000.00","$13,752,796.00"
2003,"Damon Stoudamire","PG",29,"POR",59,27,22.3,2.6,7,0.376,0.7,1.9,0.386,1.9,5.1,0.372,0.429,0.9,1.1,0.791,0.7,1.9,2.6,3.5,0.7,0.1,1.4,1.1,6.9,1315,12.1,0.46,0.275,0.161,3.7,10.6,7.1,24.5,1.6,0.3,15.6,18.5,0.6,1.1,1.6,0.059,-0.3,-0.6,-0.9,0.4,0,2.61,2.98,0.61,26,15,"$12,375,000.00","$21,611,537.00"
2003,"Erick Strickland","SG",29,"IND",71,10,18,2.3,5.4,0.429,0.9,2.3,0.388,1.4,3.1,0.459,0.511,1,1.2,0.805,0.3,1.7,2,2.9,0.5,0.1,1.4,1.6,6.5,1275,13.5,0.547,0.421,0.229,2.1,10.5,6.4,27.2,1.6,0.4,19,18.3,1.4,1.3,2.7,0.101,0.3,-0.1,0.2,0.7,0,3.49,2.79,0.585,358,355,"$762,435.00","$1,331,506.00"
2003,"Rod Strickland","PG",36,"MIN",47,8,20.3,2.6,5.9,0.432,0,0.2,0.091,2.5,5.7,0.446,0.433,1.7,2.3,0.738,0.4,1.6,2,4.6,1,0.1,1.6,1.2,6.8,956,15.4,0.492,0.04,0.385,2.4,8.7,5.6,33.3,2.5,0.5,18.9,19,0.8,0.9,1.7,0.084,0.2,0.3,0.5,0.6,0,2.07,2.46,0.622,314,308,"$1,030,000.00","$1,798,778.00"
2003,"Bob Sura","SG",29,"GSW",55,0,20.5,2.5,6,0.412,0.5,1.5,0.329,1.9,4.4,0.44,0.454,1.9,2.7,0.696,1.1,2,3,3.2,0.8,0,1.5,2,7.3,1130,14.2,0.51,0.259,0.451,5.5,10.2,7.9,23.9,2,0.1,17.3,17.9,1.6,0.2,1.8,0.075,0.2,-0.9,-0.7,0.4,0,-1.13,-0.59,0.463,93,92,"$5,639,999.00","$9,849,620.00"
2003,"Stromile Swift","PF",23,"MEM",67,26,22.1,3.5,7.3,0.481,0,0,0,3.5,7.3,0.483,0.481,2.6,3.7,0.722,1.7,4,5.7,0.7,0.8,1.6,1.5,2.3,9.7,1478,18,0.542,0.004,0.501,8.8,20.3,14.6,5,1.9,4.8,14.2,21.2,1.6,1.7,3.3,0.108,-0.7,0.5,-0.1,0.7,0,-3.23,-2.59,0.341,163,162,"$3,639,000.00","$6,355,101.00"
2003,"Wally Szczerbiak","SF",25,"MIN",52,42,35.3,6.8,14,0.481,1.2,2.8,0.421,5.6,11.2,0.497,0.523,2.9,3.3,0.867,1,3.6,4.6,2.6,0.8,0.4,1.7,2.4,17.6,1836,17.3,0.567,0.199,0.237,3.4,11.3,7.4,12.2,1.3,0.9,9.8,22,3.8,1.3,5.2,0.135,1.8,-0.9,0.9,1.3,0,2.07,2.46,0.622,192,191,"$2,933,187.00","$5,122,479.00"
2003,"Maurice Taylor","PF",26,"HOU",67,9,20.6,3.4,8,0.432,0,0,0,3.4,8,0.433,0.432,1.5,2.1,0.725,1.4,2.1,3.6,1,0.3,0.3,1.5,2.3,8.4,1377,11.5,0.472,0.004,0.258,8.1,11.7,10,8.8,0.9,1.1,14.4,23.3,-0.2,1.1,0.9,0.03,-2.7,-1.6,-4.3,-0.8,0,1.48,1.89,0.524,66,65,"$7,150,000.00","$12,486,666.00"
2003,"Jason Terry","PG",25,"ATL",81,81,38,6,14.1,0.428,2,5.3,0.371,4,8.8,0.462,0.498,3.2,3.6,0.887,0.5,3,3.4,7.4,1.6,0.2,3.1,2.2,17.2,3081,18.2,0.549,0.378,0.256,1.4,8.6,5.2,34.8,2.2,0.3,16.4,22.6,6,1.4,7.4,0.116,3,-1.2,1.8,3,0,-3.56,-3.87,0.427,231,230,"$2,153,934.00","$3,761,602.00"
2003,"Kurt Thomas","C",30,"NYK",81,81,31.8,6.1,12.7,0.483,0,0,0.667,6.1,12.7,0.483,0.484,1.7,2.3,0.75,2,5.9,7.9,2,1,1.2,1.7,4.2,14,2577,16.7,0.511,0.003,0.179,7.1,22.2,14.5,11.3,1.7,2.8,11.1,22.4,2.3,3,5.4,0.1,-0.6,0.7,0.1,1.3,0,-1.35,-1.61,0.451,121,119,"$4,903,750.00","$8,563,844.00"
2003,"Tim Thomas","SF",25,"MIL",80,70,29.5,5.2,11.6,0.443,1.2,3.3,0.366,3.9,8.3,0.474,0.495,1.8,2.3,0.78,1.2,3.7,4.9,1.3,0.9,0.6,1.7,3.2,13.3,2358,14.3,0.527,0.285,0.2,4.8,14.6,9.7,7.3,1.6,1.5,11.6,22.6,1.9,1,2.9,0.06,-0.5,-1.7,-2.2,-0.1,0,0.23,-0.24,0.512,40,39,"$10,750,000.00","$18,773,658.00"
2003,"Jamaal Tinsley","PG",24,"IND",73,69,30.6,3,7.6,0.396,0.6,2.3,0.277,2.4,5.3,0.446,0.437,1.1,1.5,0.714,0.8,2.8,3.6,7.5,1.7,0.2,2.6,2.8,7.8,2237,13.4,0.468,0.299,0.201,3,9.9,6.5,38.7,2.9,0.6,24.1,16.1,0.6,3.1,3.7,0.079,-0.8,0.8,0,1.1,0,3.49,2.79,0.585,349,348,"$805,320.00","$1,406,400.00"
2003,"Robert Traylor","C",25,"NOH",69,0,12.3,1.5,3.4,0.443,0,0,0.333,1.5,3.4,0.444,0.445,0.8,1.3,0.648,1.6,2.2,3.8,0.7,0.7,0.5,0.8,2.2,3.9,851,15.3,0.486,0.013,0.371,14.6,21.3,17.9,9.7,2.8,3.1,16.1,17.6,0.7,1.7,2.4,0.133,-2.3,1.7,-0.6,0.3,0,2.11,1.52,0.573,360,358,"$750,000.00","$1,309,790.00"
2003,"Gary Trent","SF",28,"MIN",80,22,15.3,2.6,4.9,0.535,0,0,0,2.6,4.8,0.537,0.535,0.8,1.3,0.594,1.3,2.3,3.6,1,0.4,0.3,0.7,1.8,6,1222,15.9,0.549,0.005,0.26,10.1,16.7,13.5,10,1.4,1.4,12,18.3,2,1.3,3.3,0.128,0,-0.1,-0.1,0.6,0,2.07,2.46,0.622,346,343,"$824,935.00","$1,440,655.00"
2003,"Nikoloz Tskitishvili","SF",19,"DEN",81,16,16.3,1.4,4.9,0.293,0.5,1.9,0.243,1,3,0.324,0.34,0.6,0.8,0.738,0.8,1.4,2.2,1.1,0.4,0.4,1,1.7,3.9,1320,4.9,0.374,0.387,0.165,5.4,10.8,8,11.6,1.2,1.8,16.6,17,-2.3,1.3,-1,-0.035,-4.9,-0.7,-5.5,-1.2,0,-8.28,-7.41,0.207,216,215,"$2,530,920.00","$4,419,965.00"
2003,"Nick Van Exel","SG",31,"DAL",73,1,27.8,4.7,11.4,0.412,1.6,4.3,0.378,3.1,7.1,0.432,0.483,1.5,2,0.764,0.5,2.4,2.8,4.3,0.6,0.1,1.7,1.2,12.5,2026,15.6,0.51,0.375,0.173,1.9,9.4,5.7,24.4,1.1,0.1,12.1,22.8,2.6,1.3,4,0.094,1.8,-1.6,0.2,1.1,0,7.78,7.91,0.732,37,36,"$11,061,234.00","$19,317,193.00"
2003,"Keith Van Horn","PF",27,"PHI",74,73,31.6,6.2,12.9,0.482,0.9,2.4,0.369,5.3,10.5,0.508,0.516,2.6,3.2,0.804,2.1,4.9,7.1,1.3,0.9,0.4,2,3.4,15.9,2337,17.3,0.556,0.185,0.252,7.8,18.7,13.2,7.2,1.4,1,12.4,23.2,3.9,2.6,6.5,0.133,1.2,-0.9,0.3,1.4,0,2.3,1.76,0.585,30,26,"$12,072,500.00","$21,083,255.00"
2003,"Jacque Vaughn","PG",27,"ORL",80,48,21.1,2.3,5.1,0.448,0.1,0.4,0.235,2.2,4.7,0.467,0.457,1.2,1.6,0.776,0.3,1.2,1.5,2.9,0.8,0,1.2,2.1,5.9,1686,10.5,0.508,0.083,0.304,1.7,6.4,4,21.7,2,0.1,17.2,14.9,1.2,0.9,2,0.058,-2.8,-0.5,-3.3,-0.6,0,0.13,-0.39,0.512,364,360,"$699,935.00","$1,222,357.00"
2003,"Dajuan Wagner","SG",19,"CLE",47,24,29.5,4.7,12.9,0.369,1.2,3.7,0.316,3.6,9.2,0.39,0.414,2.7,3.4,0.8,0.4,1.3,1.7,2.8,0.8,0.1,1.8,2.3,13.4,1385,10.9,0.466,0.288,0.264,1.6,5.1,3.3,16.8,1.4,0.4,11.2,23.8,0.2,0.1,0.3,0.011,-1.9,-2.8,-4.7,-0.9,0,-9.62,-9.58,0.207,227,226,"$2,298,840.00","$4,014,664.00"
2003,"Antoine Walker","PF",26,"BOS",78,78,41.5,7.7,19.9,0.388,2.4,7.5,0.323,5.3,12.5,0.427,0.449,2.3,3.7,0.615,1.3,5.9,7.2,4.8,1.5,0.4,3.3,2.8,20.1,3235,14.6,0.467,0.375,0.184,3.4,16.7,9.9,23.3,1.9,0.8,13.4,27.9,-1.6,4.2,2.6,0.039,0.1,-0.6,-0.5,1.3,0,-0.39,-0.75,0.537,17,15,"$12,375,000.00","$21,611,537.00"
2003,"Samaki Walker","C",26,"LAL",67,39,18.6,1.7,4.1,0.42,0,0,0,1.7,4.1,0.421,0.42,1,1.5,0.653,1.7,3.8,5.5,1,0.3,0.8,0.8,2.1,4.4,1243,11.6,0.465,0.004,0.369,10.3,23.1,16.7,7.5,0.8,3.2,15,13.4,0.6,1.4,2.1,0.079,-2.3,-0.2,-2.6,-0.2,0,2.33,2.71,0.61,264,263,"$1,540,000.00","$2,689,435.00"
2003,"Ben Wallace","C",28,"DET",73,73,39.4,2.9,6,0.481,0,0.1,0.167,2.9,5.9,0.485,0.482,1.2,2.6,0.45,4,11.4,15.4,1.6,1.4,3.2,1.2,2.5,6.9,2873,17.2,0.486,0.014,0.432,11.9,34.9,23.2,6.9,2,5.9,14.5,10.2,2.7,7.9,10.6,0.176,0.4,3.5,3.9,4.3,0.028,3.68,2.98,0.61,106,105,"$5,200,000.00","$9,081,211.00"
2003,"Gerald Wallace","SF",20,"SAC",47,7,12.1,1.9,3.9,0.492,0,0.1,0.25,1.9,3.8,0.497,0.495,0.8,1.6,0.527,0.8,1.9,2.7,0.5,0.5,0.3,0.9,1.4,4.7,571,12.5,0.51,0.022,0.404,7.5,16,12,6.1,2.1,1.7,17,20.1,-0.1,1,0.9,0.074,-3,0.8,-2.3,0,0,6.5,6.68,0.72,338,337,"$857,760.00","$1,497,980.00"
2003,"Rasheed Wallace","PF",28,"POR",74,74,36.3,7,14.8,0.471,1.5,4.1,0.358,5.5,10.6,0.515,0.521,2.7,3.7,0.735,1.5,5.9,7.4,2.1,0.9,1,1.9,3,18.1,2684,18.5,0.552,0.281,0.249,5.1,19.6,12.3,10.2,1.4,2.2,10.3,23.3,5.1,3.4,8.5,0.151,2.3,0.2,2.5,3.1,0,2.61,2.98,0.61,8,7,"$16,200,000.00","$28,291,467.00"
2003,"Charlie Ward","PG",32,"NYK",66,6,22.2,2.5,6.3,0.399,1.5,4,0.378,1,2.2,0.435,0.521,0.6,0.8,0.774,0.4,2.3,2.7,4.6,1.2,0.2,1.4,2.2,7.2,1465,15.9,0.54,0.645,0.128,2,12.4,7.1,32.9,2.8,0.5,17.8,16.8,2.4,1.3,3.7,0.121,1.5,0.9,2.4,1.6,0,-1.35,-1.61,0.451,96,95,"$5,570,000.00","$9,727,374.00"
2003,"Earl Watson","PG",23,"MEM",79,2,17.3,2.2,4.9,0.435,0.4,1.2,0.341,1.8,3.8,0.463,0.474,0.8,1.1,0.721,0.6,1.5,2.1,2.8,1.1,0.2,1.1,1.7,5.5,1366,14.6,0.505,0.233,0.22,3.8,9.6,6.7,25.7,3.4,0.7,17,17,1.3,1,2.3,0.08,-0.8,1.3,0.5,0.9,0,-3.23,-2.59,0.341,294,293,"$1,215,000.00","$2,121,860.00"
2003,"Chris Webber","PF",29,"SAC",67,67,39.1,9.9,21.4,0.461,0.1,0.3,0.238,9.8,21.1,0.465,0.463,3.2,5.3,0.607,2.4,8.1,10.5,5.4,1.6,1.3,3.2,3,23,2622,20.9,0.485,0.015,0.247,6.9,21.1,14.4,24.6,2,2.2,11.9,30.4,1.7,5.3,6.9,0.127,2,1.5,3.5,3.6,0.016,6.5,6.68,0.72,11,9,"$14,343,750.00","$25,049,736.00"
2003,"Bonzi Wells","SG",26,"POR",75,65,31.9,5.8,13.2,0.441,0.5,1.7,0.292,5.3,11.5,0.464,0.461,3,4.2,0.722,1.3,3.9,5.3,3.3,1.6,0.2,2.9,2.9,15.2,2396,15.7,0.505,0.131,0.316,4.9,14.9,9.9,18,2.8,0.6,16,25.9,0.9,3.1,4,0.08,-0.6,0.4,-0.2,1.1,0,2.61,2.98,0.61,82,81,"$6,300,000.00","$11,002,237.00"
2003,"David Wesley","SG",32,"NOH",73,73,37.1,6.2,14.2,0.433,1.8,4.3,0.424,4.3,9.9,0.437,0.498,2.5,3.2,0.781,0.5,1.9,2.4,3.4,1.5,0.1,1.8,2.4,16.7,2710,15.1,0.533,0.305,0.229,1.6,5.9,3.8,16.4,2.2,0.2,10.4,21.4,4.5,2.5,7,0.124,1,0.1,1.1,2.1,0,2.11,1.52,0.573,165,163,"$3,600,000.00","$6,286,992.00"
2003,"Rodney White","SG",22,"DEN",72,19,21.7,3.6,8.9,0.408,0.4,1.9,0.239,3.2,7,0.452,0.433,1.4,1.7,0.784,0.6,2.4,3,1.7,0.6,0.4,2.2,1.9,9,1563,9.8,0.469,0.21,0.196,3.1,13.3,7.9,15,1.5,1.6,18.4,24.2,-2.1,1.8,-0.4,-0.011,-3.1,-0.6,-3.7,-0.7,0,-8.28,-7.41,0.207,247,246,"$1,820,520.00","$3,179,332.00"
2003,"Chris Whitney","PG",31,"TOT",51,21,20.6,2.4,6.8,0.355,1,3.2,0.305,1.5,3.6,0.4,0.427,1.1,1.4,0.826,0.1,1.3,1.3,2.8,0.6,0,1.4,1.8,7,1052,9.2,0.468,0.47,0.198,0.3,7.4,3.7,24.2,1.4,0.1,15.8,19.1,-0.1,0.7,0.6,0.028,-2.6,-1.5,-4.1,-0.6,0,0,0,0.5,185,184,"$3,000,000.00","$5,239,160.00"
2003,"Mike Wilks","PG",23,"TOT",46,7,15,1.1,3.2,0.338,0.2,0.8,0.286,0.9,2.5,0.354,0.372,0.8,1,0.787,0.4,1.1,1.5,2,0.6,0.1,0.6,1.5,3.2,688,9.3,0.436,0.236,0.318,3.4,8.1,5.9,19.4,2.1,0.4,14.2,13,0.3,0.4,0.7,0.049,-2.3,0.6,-1.7,0,0,0,0,0.5,448,447,"$55,402.00","$96,753.00"
2003,"Aaron Williams","C",31,"NJN",81,0,19.7,2.5,5.4,0.453,0,0,0,2.5,5.4,0.454,0.453,1.3,1.6,0.785,1.7,2.4,4.1,1.1,0.3,0.7,1,2.5,6.2,1597,11.9,0.504,0.002,0.296,9.8,13.9,11.8,9,0.9,2.7,14.6,16.4,1.2,2.4,3.7,0.11,-2.2,0.6,-1.6,0.2,0,5.22,4.42,0.598,199,197,"$2,700,000.00","$4,715,244.00"
2003,"Alvin Williams","PG",28,"TOR",78,78,33.8,5.1,11.6,0.438,0.6,1.9,0.329,4.5,9.7,0.458,0.464,2.4,3.1,0.782,0.7,2.4,3.1,5.3,1.4,0.3,1.6,2.2,13.2,2638,16.7,0.508,0.161,0.264,2.3,8.6,5.3,27.7,2.2,0.6,11.2,19.7,4.4,1.2,5.5,0.101,0.8,-0.4,0.4,1.6,0,-5.87,-6.09,0.293,100,99,"$5,350,000.00","$9,343,169.00"
2003,"Eric Williams","SF",30,"BOS",82,79,28.7,3.1,7,0.442,0.5,1.3,0.336,2.6,5.7,0.467,0.474,2.5,3.3,0.75,1.7,2.9,4.7,1.7,1,0.2,1.2,2.9,9.1,2350,13.1,0.538,0.191,0.466,6.7,11.8,9.2,10.4,1.9,0.6,12.3,15.6,3.4,2.6,6,0.123,-1.2,0.3,-0.9,0.7,0,-0.39,-0.75,0.537,112,111,"$5,004,000.00","$8,738,919.00"
2003,"Frank Williams","PG",22,"NYK",21,0,8,0.4,1.6,0.273,0.3,0.8,0.375,0.1,0.8,0.176,0.364,0.2,0.3,0.667,0.1,0.7,0.9,1.6,0.3,0.1,0.8,1,1.3,167,6.4,0.393,0.485,0.182,2.1,10.8,6.3,29.4,2.2,0.9,32.3,14.6,-0.2,0.1,-0.1,-0.035,-3.9,-0.1,-4.1,-0.1,0,-1.35,-1.61,0.451,342,341,"$832,560.00","$1,453,971.00"
2003,"Jason Williams","PG",27,"MEM",76,76,31.7,4.4,11.3,0.388,1.9,5.3,0.354,2.5,6,0.418,0.471,1.4,1.7,0.84,0.3,2.5,2.8,8.3,1.2,0.1,2.2,1.7,12.1,2407,17.1,0.501,0.47,0.153,1.2,8.6,5,41.8,2,0.3,15.5,20.3,4,0.7,4.7,0.094,2.9,-1.7,1.2,1.9,0,-3.23,-2.59,0.341,97,96,"$5,500,000.00","$9,605,127.00"
2003,"Jay Williams","PG",21,"CHI",75,54,26.1,3.6,9.1,0.399,0.9,2.7,0.322,2.8,6.4,0.431,0.446,1.4,2.1,0.64,0.4,2.2,2.6,4.7,1.1,0.2,2.3,2.4,9.5,1961,12.2,0.472,0.295,0.235,1.5,9.3,5.5,29.2,2.3,0.6,18.4,21,-0.5,1.3,0.8,0.02,-1.3,-0.8,-2,0,0,-5.13,-5.3,0.366,170,169,"$3,451,920.00","$6,028,387.00"
2003,"Jerome Williams","PF",29,"TOR",71,63,33,3.8,7.5,0.499,0,0.1,0.167,3.7,7.5,0.503,0.5,2.2,4,0.555,3.3,5.9,9.2,1.3,1.6,0.4,1.4,2.8,9.7,2346,15.6,0.525,0.011,0.525,10.8,21.2,15.8,6.7,2.6,0.8,13,14.7,2.9,2.5,5.4,0.11,-0.3,0,-0.3,1,0,-5.87,-6.09,0.293,104,102,"$5,250,000.00","$9,168,531.00"
2003,"Monty Williams","SF",31,"PHI",21,2,13.1,1.6,3.8,0.425,0,0.1,0,1.6,3.7,0.436,0.425,1.1,1.5,0.75,0.6,1.6,2.1,1.2,0.6,0.2,0.8,1.6,4.4,276,12.5,0.489,0.025,0.4,5,14.3,9.6,15,2.3,1.4,15.3,18.1,0.1,0.3,0.5,0.08,-1.6,1.1,-0.5,0.1,0,2.3,1.76,0.585,336,335,"$887,435.00","$1,549,804.00"
2003,"Scott Williams","C",34,"PHO",69,33,12.6,1.7,4.2,0.411,0,0,0,1.7,4.2,0.414,0.411,0.5,0.6,0.786,1,1.8,2.8,0.3,0.4,0.3,0.5,2.3,4,872,9.7,0.44,0.007,0.144,9.2,15.8,12.5,4.1,1.6,1.8,9.3,17.6,0.1,1.1,1.1,0.063,-4.4,0.1,-4.3,-0.5,0,1.13,1.57,0.537,315,308,"$1,030,000.00","$1,798,778.00"
2003,"Shammond Williams","PG",27,"TOT",78,11,24.1,2.9,7.4,0.394,1.2,3.3,0.356,1.7,4.1,0.425,0.474,1,1.3,0.765,0.3,1.9,2.2,3.4,1,0.1,1.5,1.8,8,1881,12.4,0.503,0.451,0.176,1.4,9.3,5.2,25.4,2.2,0.3,15.4,17.9,1.1,2,3.1,0.078,-1.2,0,-1.3,0.3,0,0,0,0.5,236,235,"$2,000,000.00","$3,492,773.00"
2003,"Walt Williams","SF",32,"DAL",66,1,17.6,2,5.2,0.393,1,2.6,0.374,1.1,2.6,0.412,0.487,0.5,0.8,0.62,0.8,2.3,3.1,0.9,0.6,0.4,0.5,2.1,5.5,1161,11.7,0.5,0.501,0.147,5,14.6,9.8,7.4,1.9,1.7,8.8,15.6,1,1.5,2.5,0.103,-0.7,0.6,-0.1,0.6,0,7.78,7.91,0.732,310,308,"$1,030,000.00","$1,798,778.00"
2003,"Corliss Williamson","SF",29,"DET",82,1,25.1,4.6,10.1,0.453,0,0.1,0.182,4.5,9.9,0.456,0.454,2.9,3.7,0.79,1.8,2.6,4.4,1.3,0.5,0.3,1.5,2.9,12,2061,15.7,0.515,0.013,0.363,8.3,12.3,10.3,10.2,1.2,1,11.6,25.3,2.4,2.5,4.9,0.115,-1,-0.8,-1.8,0.1,0,3.68,2.98,0.61,136,135,"$4,500,000.00","$7,858,740.00"
2003,"Kevin Willis","C",40,"SAS",71,6,11.8,1.7,3.6,0.479,0,0,0,1.7,3.6,0.482,0.479,0.7,1.2,0.614,1.2,2,3.2,0.3,0.3,0.3,0.8,1.7,4.2,840,12.5,0.506,0.008,0.323,12,18.8,15.6,4.9,1.3,1.7,17,19.5,0.2,1.3,1.6,0.091,-3.1,-0.6,-3.7,-0.4,0,5.41,5.65,0.732,317,308,"$1,030,000.00","$1,798,778.00"
2003,"Loren Woods","C",24,"MIN",38,11,9.3,0.8,2,0.382,0,0.1,0.333,0.7,1.9,0.384,0.388,0.6,0.7,0.778,0.7,1.8,2.5,0.5,0.3,0.3,0.6,1,2.1,353,9.9,0.455,0.039,0.355,8.9,21.3,15.2,7.5,1.5,2.6,20.7,14.2,-0.1,0.5,0.4,0.048,-3.1,0.7,-2.4,0,0,2.07,2.46,0.622,369,368,"$662,435.00","$1,156,867.00"
2003,"Qyntel Woods","PF",21,"POR",53,0,6.3,1.1,2.2,0.5,0.1,0.2,0.333,1.1,2.1,0.514,0.513,0.1,0.4,0.35,0.3,0.7,1,0.2,0.3,0,0.4,0.7,2.4,334,11.2,0.505,0.076,0.169,5.4,13.7,9.6,6.2,2.4,0.2,15.4,20.7,-0.1,0.4,0.2,0.034,-3.4,-0.7,-4.1,-0.2,0,2.61,2.98,0.61,327,326,"$980,280.00","$1,711,948.00"
2003,"Metta World Peace","SF",23,"IND",69,67,33.6,5.2,12.3,0.428,1,3.1,0.336,4.2,9.2,0.458,0.47,4,5.4,0.736,1.5,3.8,5.2,2.9,2.3,0.7,2.1,3.5,15.5,2317,17.6,0.529,0.249,0.439,5,12.4,8.8,14.9,3.6,1.6,12.6,22.5,3.2,4.1,7.2,0.15,0.9,2.3,3.2,3.1,0,3.49,2.79,0.585,242,241,"$1,904,860.00","$3,326,622.00"
2003,"Lorenzen Wright","C",27,"MEM",70,49,28.3,4.6,10.2,0.454,0,0.1,0,4.6,10.2,0.457,0.454,2.1,3.2,0.659,2.4,5.1,7.5,1.1,0.7,0.8,1.6,3,11.4,1982,14.4,0.489,0.007,0.311,9.8,20,15,6.7,1.3,1.9,11.9,21,1,1.5,2.5,0.061,-1.6,-1.4,-3,-0.5,0,-3.23,-2.59,0.341,88,87,"$6,050,000.00","$10,565,640.00"
2003,"Vincent Yarbrough","SG",21,"DEN",59,39,23.4,2.8,7.3,0.393,0.4,1.3,0.269,2.5,5.9,0.42,0.417,0.8,1.1,0.79,0.6,2.1,2.7,2.2,1,0.6,1.4,2.5,6.9,1381,9.5,0.446,0.182,0.145,2.9,11.2,6.8,16.8,2.2,1.9,15.1,17.3,-0.7,1.7,1,0.035,-3.3,0.9,-2.4,-0.1,0,-8.28,-7.41,0.207,418,409,"$349,458.00","$610,288.00"
2003,"Wang Zhizhi","C",25,"LAC",41,1,10,1.5,4,0.383,0.4,1.1,0.34,1.1,2.8,0.4,0.432,1,1.4,0.724,0.6,1.2,1.9,0.2,0.2,0.2,0.8,1,4.4,412,11.6,0.485,0.29,0.358,7.2,13.9,10.6,4.3,1,1.7,14.2,24,-0.1,0.2,0.1,0.014,-1.6,-2.2,-3.8,-0.2,0,-4.12,-3.44,0.329,243,242,"$1,900,000.00","$3,318,135.00"
